slope_angle,rock_hardness,rainfall_mm,seismic_activity,temp_change,vegetation_cover,crack_density,distance_to_fault,risk_level,rockfall
36.217808319315374,3.355351153623154,114.39917565671855,3.24128477038911,8.00669809868489,37.36408184666985,6.54306321534056,3.6587549384001052,Medium,1
76.55000144869413,3.2228091916479986,161.08646585999728,0.8619318105258311,7.182075110328193,33.291209623140325,0.8003256976593665,4.47391914912087,High,1
61.23957592679836,9.15629122468933,152.03218595803182,4.361972816774075,-7.606145033416059,17.615391250286006,2.42329811453739,32.59868569614803,Medium,1
51.90609389379256,3.245915798645555,30.779980938754736,3.0655811953462075,13.064310122645,60.726667010148795,7.736793464792507,24.347035661962412,Medium,1
20.921304830970556,3.447547535157679,29.84989394829478,0.7860194177847712,4.211805053920489,47.66241605086289,5.286858536788197,39.52076251596051,Low,0
20.919616423534187,7.8345843617616735,53.63487354898267,4.811690287406034,-0.9068619716078941,86.57009923240037,9.279690617870447,45.813541867176575,Medium,0
14.065852851773963,5.04765858205486,72.21494526820744,2.591827316676603,8.913464587382666,3.2109580482058253,4.287514083413543,19.41834388357738,Medium,0
70.63233020424546,7.990395012596631,81.69111628169652,0.364492259358275,-3.5658635399591487,64.38679275551263,8.698123658139231,29.820501329232314,Medium,1
52.078050822024615,1.588295418079467,135.93944336666905,3.134164522075336,7.337745926158011,76.29488785115612,4.489554374782375,25.034831389765493,High,1
59.56508044572318,5.388140743060458,11.33608643316708,1.2659945350640511,-9.007219810693819,75.94865691883071,9.792482787019853,49.080532782121644,Medium,0
11.440914600706172,1.3025224016495436,6.934540845213277,4.0184672593865125,10.985200940231799,88.60739670955252,9.598343813988768,41.55422036782976,Medium,1
77.8936896513396,1.5638788310981906,78.38211258878181,4.089110367830953,1.2042711755329623,72.9033742829494,3.2913670555608032,45.58688541386768,High,1
68.27098485602953,9.157937080099698,139.4327384275961,4.894736779273309,5.917322858948543,92.78100616476964,8.859236704168032,12.717004378880208,High,1
24.86373774747933,2.2532083400583565,38.687068591296516,2.5093476551225185,-4.469054504832909,33.26565998208915,8.476113742156492,38.62632115812972,Low,0
22.727747704497045,5.791786140476954,128.30089625125035,2.2747843986386855,6.926842816461199,50.32094167515431,2.1068039732756283,13.273661249882446,Medium,0
22.838315689740366,4.699860423406359,51.965627588059895,3.767378027232403,9.306006897331915,1.4079663282890675,6.242904007832697,10.437126671419495,Medium,1
31.29695700716764,4.126089936329584,177.21722176270328,0.6623532817096328,1.8303296721099682,0.6957587303291213,0.7268231558981486,47.21330798277754,Medium,0
46.73295021425665,9.098500111185452,179.1379888533233,2.734577568965621,5.443173101544858,24.012662045151988,8.367107205834616,0.9652208358933323,High,1
40.2361513049481,1.1964105709794055,59.4574408562653,2.7312380006542547,1.4081480955599641,10.080719713908525,1.7454588350349654,48.26943518317148,Medium,0
30.386039813862933,6.9741071755803015,45.9987507926481,0.4473656140519361,12.352284231446138,26.021136793575362,0.7081470138576451,7.46309484944031,Low,0
52.829702630566565,9.670549907921954,82.26079441324626,2.089920427534568,2.446729512857979,17.70432945283974,4.002190955388112,40.97190408966341,Medium,0
19.76457024564293,6.041513651156578,48.10631703602974,4.2664239928360095,11.045217725720471,2.852002483864824,5.769221385996435,13.796127653405154,Medium,0
30.45012539746527,9.431402158297827,134.47676865834072,4.280768109973302,10.033801456756214,90.93041464060494,8.54916958559771,17.53511637153637,High,1
35.64532903055842,1.470320913574214,165.21293690965712,0.496188324598405,0.26262053370891325,0.8223131388891525,9.742425255217364,10.837885566099247,Medium,1
41.92489889519251,4.769139871667453,134.6184261822434,0.4536044137391543,-4.247887703563124,73.60821443370854,4.394925125698636,29.275702124053982,Medium,0
64.96231729751095,3.3414201186584602,164.8700894498699,1.3134773850096764,0.1520533139942748,15.214788691951654,0.6044692298527021,17.404777375393703,High,1
23.97716475108518,7.577388684826568,79.39843244149483,4.373830312769967,10.655434394380503,91.22296219996,7.4911557902587065,32.86965197473316,Medium,1
45.996410688952814,9.83167381447522,31.26339414177217,0.6445129253674947,-4.309186604515191,89.27959395898858,5.651732562239374,0.7823658971032987,Low,0
51.46901982034297,3.30877056199823,147.59018947951844,3.5999840131372314,3.1109086464437334,65.39011463692573,4.478913448444631,3.218744175751981,Medium,1
13.251528890399841,6.88757141326667,72.09490102831077,0.5058280980655161,10.152418699018687,67.22341498006051,3.0926887879218965,4.983057636562433,Medium,0
52.528139633100686,2.7828786948376614,134.2541650458265,3.1156892687391267,-1.1630631217905303,0.5339141969688543,5.023985278435356,20.949684265511554,High,1
21.936688658110405,6.087972291144489,54.12878839635313,1.7803364955957242,6.055240925067435,98.4871566113602,3.3867960445703096,40.7398086329988,Low,0
14.553611508969567,5.175392380195026,16.245926961334533,3.944569814829335,-3.8592106487796367,87.78326035758144,7.570118677473603,44.40889551891913,Medium,0
76.42198760773333,9.748047966683833,198.51635909755268,1.1684522441268181,-7.268013865796002,89.5106225730092,5.438936964926411,12.240537003045038,High,1
77.59424231521916,6.476745454268199,31.240301586119855,3.196009146949799,9.859605627321407,65.92445370508719,8.768477741541119,28.7184862119507,High,1
66.58781436815228,4.145557348781369,197.6841987926962,1.1784126728794249,-7.525784414782329,34.47869286545365,5.435439146494421,38.41824963463002,High,1
31.322963842135948,2.0268620639914,195.45598651328945,3.568301415560769,-3.2154651230103855,89.36486490904808,2.3826241333993003,14.441471495980435,High,1
16.837047980446872,2.361221458614411,158.76362078160793,4.3683901728037435,11.377735549936002,29.151692815119233,8.510918822321445,20.45038683681366,High,1
57.89631185585098,3.0278523695611157,131.88459241639953,0.6340089956338002,-1.33826782303332,56.271154334220284,5.5721904493004395,26.198710134285697,Medium,1
40.81067456177209,3.258699952062682,115.56141005021694,4.3329784429775176,14.326133737854027,9.97309723438824,2.0684103814356125,6.743742320402385,High,1
18.542676439134517,8.65554452057024,173.22030907556695,2.9678762720714897,14.493358369346494,92.19556301327502,6.235078099562221,1.2991146862890157,Medium,1
44.66238370778891,6.051005094542724,57.88790432389759,0.6355524543351199,-3.2930994886610825,14.077045777121333,3.5771676494242755,7.640290465914163,Medium,0
12.407196478065288,5.710518202369298,93.5362424969754,2.13770927679856,-8.975544443752739,22.489680573040726,8.444056122920658,31.342681062676668,Low,0
73.65242814551475,2.0329198468229572,123.87799387330038,0.8043014674254895,7.626582105134478,55.813415812821496,4.5329973864654285,3.6809130766840834,High,1
28.114598712001182,8.741257240144915,82.23809517389822,3.5017394443328476,1.274662566208593,76.40930002129815,7.264413581074168,9.484818242506416,Medium,0
56.37655990477874,7.5053287288763535,85.4972908180536,3.7943406720897483,-7.481178901010593,61.93513059362989,0.9553620763623716,16.892694284765184,Medium,0
31.819775326258767,1.6090152571000143,66.05693350041687,0.5289826013639948,7.68807047445107,23.213391280015617,3.9602434630234615,3.893503215318317,Medium,0
46.40476148244676,7.370515875067918,112.8463633369072,2.5306992634732217,-9.22062727220197,0.09430425274903342,9.832414364723988,9.584963558081721,Medium,1
48.26971955402958,5.8918439560838145,170.1149056030232,4.073125280129586,11.754917262306053,75.71505803074392,8.084602894771484,45.563489449175556,High,1
22.93981188678689,1.7355281117210044,40.30567560126257,4.680815207754982,-6.533686772167407,98.52073259110938,1.5994080236692865,0.964956611349238,Low,0
77.8709239435191,5.124705773757908,186.88660775068828,2.5675893337088502,-6.817203031331875,80.99131203060904,2.777640494772551,32.67159620871811,High,1
64.25929763527802,5.362266584170423,137.81753074964593,4.751396118057035,-5.608192550785387,46.02066181566153,3.2981580885636106,19.220446545759245,High,1
75.76492590949324,2.4919708614694818,164.65464253600604,2.678444852280149,14.006658962301664,90.37672613991066,6.5036556049544565,33.63243697161856,High,1
72.63791452993541,9.51128332300254,111.23813852600233,1.9709524729995398,7.32923400634615,40.984767311835,7.569947594896556,29.43458601817023,High,1
51.85299851677596,8.649778343325957,155.90334028481269,4.241015642764477,10.034288386590918,52.493408424346754,7.495266088079098,11.174937717732213,High,1
74.53119645161817,7.021201035961975,3.240079467893442,2.4649135522904455,-0.05912535668117447,47.712976739568326,5.098740563064029,42.36047437866943,Medium,1
16.194475143634364,5.160660049005465,163.67608495590704,2.3595125528226153,-1.5921818123761111,44.762387266552494,8.108205378381513,24.597019130467835,Medium,0
23.718800369340165,4.705889874260577,8.027771817073305,2.4515624470491417,-4.137899830420752,77.51907692939058,4.370780827574751,41.12680094567359,Low,0
13.165910223737665,6.858761204358587,177.9826752725725,4.233925009348727,2.0162007078102233,52.676890726949196,1.238805652955619,20.30062680941096,Medium,1
32.77312315342851,5.908886824662149,198.39254944772867,4.15970770844026,3.7957183383542126,31.671712202521608,5.644418416538133,49.23427769576195,High,1
37.207410278263744,1.5604579529369706,58.81349243535556,2.017599962201056,5.794371091318885,25.81581676584783,9.523013846011066,38.52446792506481,Medium,1
28.994432224172712,5.612523838932985,42.06371125715873,1.666499299352625,-3.572037400032637,3.7747316967433386,7.929936513925114,48.29751025562867,Medium,0
68.01162564063506,8.257632555095554,153.07267277160815,2.4596401201956466,13.716352022574766,58.3195161883046,5.787006476922424,25.71632394549294,High,1
34.97273286855125,5.133158898372622,50.605268184050644,2.863862548685545,-5.756037544821604,22.99614154010342,6.468056603490969,23.684556614535023,Low,0
29.665415678116652,1.4676091979884158,173.1124766344407,1.1916860531399847,14.141329369160308,14.813392201638308,9.305620270355726,37.772690466262894,Medium,1
47.988725821077395,8.076503794456297,20.56851843149534,3.969775423577953,-9.628596937312405,65.38299638276777,4.283427944349604,44.014563150671506,Medium,1
19.864695748233384,2.8122740392237695,25.191039275871653,2.4324138286621144,2.0281422954211403,68.12092578215488,3.3139413894263736,48.2072897932779,Low,0
66.15378865278278,3.327587513992349,195.8303110201231,1.670227742099798,-1.6658040470859303,75.21548922576659,9.77241565000449,16.227595301624987,High,1
15.218545057583958,2.482357180890663,134.76777965400092,0.5341049648199531,1.2280853482562697,50.357689633859145,8.634431335103335,39.93522869213194,Medium,0
79.08208556203621,3.971935583843478,169.37744488579057,1.1942258020180345,4.266614474519726,89.40546052038866,3.230435846186024,10.532279881776835,High,1
64.05713385076602,7.810763551197716,64.8658754703036,4.7464058587799185,0.8897289503177258,93.63427533982278,4.637805973609228,27.278717337272262,High,1
23.91009770739207,5.674472735535436,135.29674990412087,1.525498434097633,0.371171257539874,80.73709397924894,4.15078129007799,8.992407420459958,Medium,0
10.386548198652168,2.843931467356413,118.84836546171944,0.8442964468351766,8.318085385332664,63.55934820081872,1.4909567867143392,17.36986808751694,Low,0
67.0822999918384,8.900470703368368,120.6300240245894,2.303363958274966,7.146906877161616,30.372095359118866,9.578193238132592,46.56791836032296,High,1
59.4800140693332,8.916236694563763,136.5064919075443,1.5354387168012433,10.831782050896198,98.29449216202212,4.0431243121975875,7.3045349886543045,Medium,1
61.030501762869115,8.835205825414063,115.07183462581972,0.17579625135597077,-3.7510254690126112,27.413616719193833,8.75329082637908,31.620044756759825,Medium,1
63.9889242680162,3.1491659024338534,85.81247386053319,1.6157260863970864,5.23821274385159,20.265692199043105,1.8935622768066507,29.647713646370168,High,1
15.183125621386326,5.061154097628893,55.18453887610937,2.720543119697343,4.629869634821347,44.215411378658274,5.478708106372197,6.036917635449324,Medium,0
35.09260099809908,9.864906905267876,153.7162661826404,2.7585618600998347,-0.7565547281827811,5.684057071238846,0.23961385124269818,16.29895218844061,Medium,0
18.11083416675908,7.948112286789914,45.25448600063724,1.7827946058844435,2.1514385475670226,97.84944646717908,7.642204838423085,28.149075225763287,Low,0
70.41723981129155,1.2445067910300383,138.47086123088283,2.236513781263003,-2.1554464173567816,58.84335564164248,5.809138982462784,9.358930449424513,High,1
53.63086887792905,1.5868413213444286,46.666564529865326,4.827589591173832,-6.45389005957537,55.69520916641753,6.255895834697527,40.03118282064077,High,1
33.16286173968544,5.175382391310995,125.06603399089077,1.8867423861515582,-4.654969733431679,65.57962798997198,0.5172088255465346,48.607825476737496,Low,0
14.449084520021655,9.182981852754041,149.41565342580577,1.291134066299915,-7.362158839969973,49.70236477772067,2.110383302086154,10.737969998123603,Low,0
31.768762520096352,5.848316181574428,43.74277778130784,1.2173352203338006,7.0767393797531035,3.2063517094541583,0.7433087235358016,9.345598239528796,Medium,0
32.76283254187229,5.480312572308612,11.988660172261657,2.2888230635206708,6.518184827728788,61.23112888403968,2.8891431580381175,22.74675358987223,Medium,0
61.072432483664485,1.9492632996096753,26.194748598834817,3.79760074358472,13.76515928949682,71.61738769564306,6.2743900768215095,37.38826385700161,High,1
54.62902299486492,6.911020942518647,121.1993934542051,1.029940920942366,8.241960341181032,41.67490606240531,5.661859843173752,14.08003051176257,Medium,0
72.10489198034286,8.39892844540203,169.88928124514712,3.5464806357038405,-8.698854031096714,75.72955720711929,6.121498216133903,0.9939954348640201,High,1
43.055044761336454,4.423780067568061,8.999364247084873,0.10574911674708143,12.106129348223854,22.70012993384206,5.492512713778943,27.061031401644698,Medium,0
18.37159721568112,7.980506658327947,146.83025180832925,2.09466488991973,11.566879073643145,22.127659106618403,2.730287956758594,47.83002838836538,Medium,0
59.92713510560965,9.680289885107305,68.26372919001042,3.879325326013934,1.0830080193174667,16.141698768757394,2.4450749734442523,19.56384277034728,High,1
63.254953403182824,2.833898132149202,95.7056739839045,1.693664778872157,4.646576263198038,37.19947597891618,1.3705968353658127,21.006727709155022,Medium,1
49.28940382986474,5.709966680752672,185.77190996911312,2.818685507226997,14.40195831181297,84.70120353890836,8.490708749034921,48.4450858557019,High,1
63.96770259681927,3.58424162276118,66.3943009471691,1.024896164129554,3.3076090962041564,82.79120621490644,6.164793585412445,34.73038058133642,Medium,1
44.56569174550735,8.135689771304554,93.0673867878972,3.7099769556308617,12.633045709402245,38.28242079635038,1.8651101250405977,35.95859614210626,Medium,1
46.59129805673958,6.198340292930418,2.736482952136221,0.2613955163437981,-7.924031054745339,58.911873598023654,1.7720937982123952,28.13510026855338,Low,0
39.927871285098476,6.711241757952734,16.319744000967674,4.262713224377502,-5.223703282282929,72.08163164749156,8.730356015261368,48.73046054316208,Medium,0
11.779338872086663,8.181227436543047,51.718318226956804,0.9909819321083407,1.0188735860329456,24.1206774628023,7.427308637633193,34.443324221277805,Medium,0
17.552399889531312,4.563734253962094,5.570448164214881,4.371990158541654,4.618920208432618,16.814108589474706,6.593990799053714,44.751637580258475,Medium,0
12.200042998071398,9.23581061566339,126.2750652096502,1.7626462065025867,10.405696296570005,97.2095993212311,4.068641075392998,34.96894328666106,Low,0
54.54872878846463,5.797259805215259,85.2796713603245,3.613417872372433,14.706552878579672,61.75573132096185,2.6197556427851754,36.7557912420198,High,1
32.004918675342864,2.421593405518132,109.62904054560441,1.5961264889309423,-0.2787125881470892,98.14157218336639,9.794507631128237,14.520546107112326,Medium,0
45.599948381529195,7.263092063519222,34.92943717926591,4.529558356173238,-8.814609096497877,33.77559871322291,7.972395750228002,15.17393490069095,Medium,1
73.5296531748265,8.139352153944289,59.186405887323225,0.6331856275918718,10.029287582383121,70.30316999741315,3.0177922313627645,39.14923247880146,Medium,1
27.450456040421248,3.85085509360774,132.76489497054501,0.8925989463629935,5.109517977070203,22.260363654123772,8.475647962784947,14.835314458494981,Medium,1
38.72680461249408,8.714613312988776,193.06054472607997,2.4651506257940117,-5.036428528294959,26.120017127391293,7.589319486146815,28.13850354007658,High,1
62.88857969801341,9.155289292891897,10.08335472044184,0.40969219519073063,2.3707114155355042,51.1902121269624,2.970805498779984,12.467615545335098,Medium,0
26.015871584413574,3.4921403864002802,178.07686417105322,0.9799009235088096,8.557756138343109,31.961812550807124,4.265528542416397,40.84916904045347,Medium,0
15.38859368801551,9.851693254436999,115.3762402622417,4.718831911060072,9.260294676716095,16.762156384058446,1.8595344539102665,5.5250675613845,Medium,1
30.282601703963763,2.266403752438826,112.78391335112474,4.882448305739436,2.49046029996905,26.2880701989326,1.1105244437810935,41.47233198808322,Medium,0
21.28549010778031,2.81814101562241,100.05570704155207,1.8812966466521097,-2.3696367467785215,3.574839446586464,7.227620328396967,30.13649002538009,Medium,0
75.07883566398012,2.658023553142235,13.878817180836677,4.6164301050696785,14.343564550962338,70.44236214774867,2.6751185735386662,9.345476741353863,High,1
66.56842656950919,9.045907390070834,17.975370347232133,2.7241233783671586,6.584065273912321,49.21166570858616,8.200593657462536,27.10176927530591,High,1
54.33826295572964,6.8886329709246565,120.18240113181722,1.3487123293688352,0.20593798365746763,9.424306640452562,9.95608711514426,14.124941842367022,Medium,1
71.00224131314025,2.3689385490004558,68.19171428711167,3.511993605402993,-2.9884193948836897,17.16939931284912,0.7661981392964867,16.17336673652483,Medium,1
66.25704538293802,4.962910765315141,183.45361331553613,3.294509032874286,8.277574575089053,10.253453811264402,4.7303512508370025,17.576402079844016,High,1
23.05990412202251,6.5376822256282185,81.31810747189445,4.945626595543667,-3.9454138601558073,61.259280827587645,8.020625593108031,3.165962348616047,Medium,0
72.47912989429844,1.7511767649044496,28.656291740528218,1.3252364370464165,-5.707250275657795,9.42103636124938,7.889508965412335,49.29808422007087,High,1
47.75395693409555,8.94174731566605,142.9437667004072,3.360297513308677,3.245847224051757,75.42823330352161,7.599971583309685,1.5767314065612048,High,1
66.52081086148438,8.232431818973817,58.67068428820197,0.26011877514723447,-2.7503151838964532,2.0510919320391174,3.4899493530191092,33.12484365921392,Medium,0
72.72639099464453,5.5468609621897444,105.09406147117863,0.568230193483597,5.722628623090376,24.93757879958921,4.538532556850523,18.56138238787153,High,1
32.26024324803047,9.704139537332534,139.566557101034,0.01959187475546631,-7.051533128144163,89.06666758919071,5.949683573414703,32.30051454733495,Medium,0
17.703634716937373,4.759848813475897,180.0528222404141,4.997303405298366,6.37352761418304,71.8531318122246,9.739405835732573,17.81241265437919,High,1
25.95546137793592,9.85699287132848,158.4382389603352,4.011368485737389,-2.9175868000574443,7.296833292568772,3.275472709384929,33.687532312942935,Medium,1
39.89754520383794,7.011279989232643,135.27221357454482,3.933615073667704,-9.993926639137182,82.11261044851797,9.231438877168577,36.46177547341804,Medium,1
67.26103361457452,6.712041459285473,135.92663647902873,2.5486303764408986,-6.826598558145591,49.30351215402048,2.693569181804941,34.52763201998224,High,1
70.25114082794404,2.493594057662065,189.1849288064173,1.5003354145271997,13.340384445877351,84.67830271688292,9.890744654737047,5.698099067907614,High,1
10.486649137183349,8.937349824741796,59.16481949930721,0.7563214223133796,11.683865977883945,60.07397744503934,6.702636868275917,32.84466173273423,Low,0
45.7523111804296,4.847407191285536,0.2224188392374815,1.4233736942323183,-4.159774199094079,68.18330320328587,4.635114803585509,13.999377472704866,Low,0
39.21877022041453,2.460100652042314,54.39091187963974,1.8798561096456956,9.45929761363728,99.35015603957082,6.133904280636049,1.4400685284666759,Medium,0
25.54754673295112,1.1134676797818313,43.5782759253488,3.7815504849014703,5.214289829349356,23.233554592401816,2.725311690402068,20.7415335944477,Medium,1
18.390575713357798,6.037801152745443,132.36691702279964,2.698308944515762,14.272617786246736,62.394557476138836,2.741738575114666,21.677155140190052,Medium,0
33.63306199825396,5.746596599104087,126.7423199531058,0.38741813277741344,-0.6598585116485223,46.032139005739836,1.1355454384349384,23.358706667622325,Medium,0
76.00367927387634,7.474182601322427,118.69227654094476,0.0901450447945612,7.036515312929282,3.9451952922691436,1.1405029770539876,35.24120826953581,Medium,0
32.62420524145286,9.01232247716022,3.24868864189074,0.5116608976703158,-8.411606939402036,1.4470641502865034,3.476717414689113,15.442190457122956,Low,0
46.315343522035626,1.7146592617872658,145.7556108901295,2.052493568486897,-0.09381632958985142,11.922857781785867,7.628554778963716,15.764025655196129,High,1
59.211327122662446,7.583468413063261,64.70608249709831,4.665964585245091,14.095441529704512,64.90917405385481,6.079711675981625,3.0276128120630297,High,1
35.45407216655058,2.68670749687824,133.01119780132623,3.187012406046108,3.474521861253014,56.71630879133922,1.0258456033102081,34.341060799614795,Medium,1
78.02474579046725,8.723593478414475,111.31568570043066,4.0091294993775755,-2.8030124166288855,55.34295611637275,8.52236524975911,28.391304569979198,High,1
77.37131064594779,8.371571624754905,68.54618508558144,2.331872972522743,-6.993225921784829,3.1856762528260085,6.013676269900664,17.471255634689403,High,1
27.62476070777549,5.867143794869899,26.91525342082155,1.808330415975214,7.588208504538261,46.930299636000704,9.608555767847797,35.25944894586773,Medium,0
44.80739541246698,7.392185187609804,18.88377953209619,0.5420018635831136,6.1214010857431695,92.46228178425285,6.7018546741120755,26.86788746134386,Medium,0
31.061481687173877,3.8291510186537354,166.30366662244472,4.3796651109310245,-0.6515321599056345,39.75918693106466,1.75174863704181,23.462247293526982,Medium,1
29.938834606422734,5.240511090395332,183.6795084163116,3.915800145139514,13.773533796645857,62.492246978845635,4.737833623078222,25.566227183056323,High,1
12.582086314817296,8.394732079394245,129.95760935285992,0.8405904879886256,-9.444929675303742,77.98186756231435,6.484975975472041,31.817406263352826,Low,0
52.66950337859278,5.133386774558925,20.686822972096675,2.5613028193813028,-2.406903709204355,78.39252791418876,0.2826470104997769,33.00013022872997,Medium,0
45.1875316260203,4.220184387928976,80.40544337764814,2.4368740396062245,13.026737157489535,51.92800823952714,0.14910264154807895,14.447890957035858,Medium,1
13.603512587499255,5.447912025252699,145.78784002103146,3.1254577634326433,-1.9766140420139906,85.79519454023364,1.294030005985679,7.037168169557662,Medium,0
29.5052524965628,8.454243271934965,155.9641768020136,4.730934469956306,-3.6936791536207405,39.137809336374694,2.5166443504547074,7.831709059525938,Medium,1
73.57861201766576,4.016872426337855,23.64372445821772,2.898857208812398,3.355510248281183,88.86932147847983,4.295491235206756,31.969544295150083,High,1
26.76933234668807,2.5638543382216943,0.006143769076483174,2.701086333893093,10.595043748013447,24.02271663955453,4.874404737597883,43.6436642883563,Medium,0
20.142641046385616,7.408126182977027,142.427409176121,0.2516146646733197,-7.421330978040974,28.021640699057105,1.3802760893789678,20.47481391727759,Low,0
44.26169321942941,8.433803914372737,71.31923519724113,0.31453738009011967,13.575517741143404,5.31206241990011,6.733915791158308,8.476008016473118,Medium,1
78.99553178774205,1.9057373067118,50.89626632365205,0.9367339566339444,9.876822029529102,79.55818365422829,5.961380616965348,37.83012491469273,High,1
26.94386900580503,3.1588670148035023,2.579493957905088,0.1623538584587414,-5.468743611211202,41.70552362327056,2.944640988411602,41.624473720972425,Low,0
57.0494883184115,2.277747907848945,108.05988135229994,3.716764477850062,7.800199029954067,22.911661391139905,0.13659883435292008,44.02912215604833,Medium,1
63.31337307301023,4.131472704239499,170.23014708519634,3.6166515199698157,-0.37603193406107127,23.179027761657967,0.7764791535329074,30.34157144568666,High,1
26.634628079467976,5.053158810148714,191.52632925451758,0.6802811721582147,0.057366951907967256,90.13999412292331,3.916947755108394,43.03642796940424,Low,0
60.97514440283017,7.739437032669758,113.14899012265785,4.180394503976404,9.58225231097166,83.3916600461037,1.5397435116568392,0.7707479224203839,High,1
35.74481929034773,6.860328263935067,102.89226554797884,0.7739301742305599,14.069620199518305,55.35308853571833,3.768196061479708,5.361790088476176,Medium,1
54.26140814155056,6.588357107305881,17.01127709784822,1.5058779349867941,-6.833603178820152,61.61108004157211,6.281826045103552,4.628803352604938,Low,0
54.347079753262626,4.171374519486889,109.77456030851995,1.244884495806825,0.5157559219704849,47.4325570550291,5.472374278792835,35.63023421273665,Medium,1
47.50422788523309,8.57302797776284,75.99581579307892,1.8615354928652388,2.023540202107588,39.16665428788089,2.3117588313739423,3.479089177178951,Medium,0
16.32028390380858,5.241584506583481,121.42705617671538,1.2733188294498095,-0.59220457612506,91.54768812183315,3.438224912587524,24.818218623315353,Low,0
68.47117469124666,9.81194444213639,77.74526957530934,2.4447546321922604,-0.9202719070943743,12.561270352030206,6.140311984486506,23.635344931814455,High,1
32.45460454802151,6.707279244661631,48.05982469007335,2.037039406773427,-8.693283310960087,41.8446789716228,8.608550280434487,15.535176177912046,Medium,0
23.056295727989795,2.1363826740805245,18.9930550456753,4.932847453896633,7.138465514065581,34.45619079878753,7.532134387388773,43.52025849710499,Medium,0
12.854259908833473,7.085598058678906,62.98368891777915,0.27963175064112833,0.9053604280011346,49.81507202511484,5.534000268334149,8.5216600939998,Low,0
51.36250602317693,3.925936138885291,19.328966857550455,0.7109068819367581,-5.130154933901831,45.76318745451751,3.622929983164862,17.623139219961992,Medium,0
57.42950532895977,7.1769447701748765,35.37939016479679,0.2641294695430124,10.40083755755171,51.88895316510814,3.650512775418054,38.70857500114646,Medium,0
11.16114802494993,1.6267703334616517,197.46723171590918,3.129205974911879,10.064018703790698,13.99189772269941,8.79417310264396,1.5211157196642122,High,1
45.84651408094967,2.5739329345836346,88.82071138132372,0.2725463870685979,2.1597907022223453,51.31415015132771,0.392435760405464,33.64752001231843,Medium,0
25.854704263855655,8.701635330152078,106.37435330100331,4.182198686880617,-2.538733471305987,24.241881388721087,9.87982644420261,40.81988631807853,Medium,1
55.16209532866149,3.044616013211634,174.72370574744306,2.559693153409639,5.95231814491131,18.433134898819127,6.643754108515623,46.61339194190836,High,1
22.2056500303494,8.53337012718646,199.11378009813757,2.6350381229076687,-2.7961966055649237,6.483421878619122,6.811376990723906,43.814832024574244,Medium,1
58.36564166717262,3.5134847960896938,116.5428898689363,2.8079725385609713,-4.099801741907199,76.26525587561409,0.37997837304742155,15.969205841684259,Medium,0
37.07147424103762,6.785937190528369,162.49476420883434,0.8540685315310537,8.262866350658166,42.744192085655996,6.055292748912722,29.31820706614763,Medium,0
75.57109921157142,7.247355161588479,65.38820486733505,0.9884515155724377,-8.991869006976232,62.66436833117584,4.8477806009044695,3.8646746575232926,Medium,0
19.626466090219527,5.613892778305477,61.14879148945822,1.5940866143650234,-7.630788224135151,72.75933433047433,1.05778906894067,12.89350017740043,Low,0
33.8746445735181,3.7477960902705814,80.54074419891204,2.9674820791092573,-9.830295649410255,67.93166653135535,2.7792201076935905,4.711118937375369,Medium,0
17.943146486841236,2.913799387339865,134.50145253472982,1.0505888797010727,-6.1764203381143465,47.05007190896823,8.903144562136513,15.759364507698193,Low,0
74.7285532794994,1.298704191061836,136.43833785101975,0.5816586356663062,-8.275249782238513,38.789852895172984,5.49988415865953,43.759360672936445,Medium,1
71.41375473666866,3.7355176111665145,63.04788692989016,4.850584432092161,14.895059194497964,37.595990964066374,4.134165751739087,17.35834198371463,High,1
28.055913940060893,6.878465114781547,26.641984827325736,0.10990907404811456,-2.7797507511477604,64.00487969300563,0.7268215584081095,28.09490515007132,Low,0
56.19888322239253,9.444743366036343,126.47925129310171,4.013487026680108,-6.268299683268818,49.47943549418734,7.141215274023056,21.669042405747042,Medium,1
67.20555401408511,8.840840340367468,25.665172437752904,3.9401757478751103,-3.9750935501020512,84.91322479885106,7.028508233960325,22.945826214936766,Medium,1
48.864056811962364,7.8945829888177235,115.69850164586602,1.4860705692254799,13.403139288503366,87.47019843267121,6.140436069725635,48.478602591827915,Medium,1
47.07554048492045,8.096026089279688,138.6844256112618,0.678133080036567,3.004005575609892,17.056037800651847,5.1026264622064925,14.807723413192896,Medium,0
26.92966036303162,6.984864131283957,140.12229927889032,0.7281432335271171,-0.8795475923035778,13.623365154572564,4.337844022073726,31.366223476158567,Medium,0
16.517193746412946,3.342581718094027,150.69442213191934,3.4871580861859623,11.834786447730483,63.04009260359995,5.9327109298799225,21.00313347897235,High,1
72.80510305673288,9.16475527635247,174.5718843131329,3.214032955430868,-0.12524323627418843,30.12257480622794,2.333954517284067,3.0573090523843103,High,1
73.02926400143313,7.036590807152506,99.99179839295769,3.9137283712569335,-1.6247857510576051,1.857071876509886,9.412590641776477,24.4665415812118,High,1
54.31710200912875,6.04396567882396,146.04983790591425,4.687405861995523,-4.817936936256611,88.86426693629551,5.887945291802295,40.667166452255415,High,1
33.73208537340905,1.9989052229213295,123.83454707316734,3.45963681633296,-0.5550794022647126,22.690076724380827,3.1119244435437654,4.9376484340844184,Medium,1
34.44467022288626,5.023499894257829,37.327987959536514,0.7792576827572173,-2.0828910995768495,92.92806516858091,4.4967985088515725,3.4795923698154487,Low,0
60.816897520916754,5.143224440817336,5.137928973881634,1.2172130838270534,6.932598982453525,71.74344508782536,8.056847888768923,7.681576019663333,Medium,1
72.79771819668039,8.78107248570403,56.908277135386754,4.210968654365573,-2.760432383231822,76.26534899114843,1.6161606073029744,38.22000556946531,High,1
72.0960496985582,5.919833981690096,88.60674126752389,1.0465303791710427,4.429993660564036,20.14614957931604,2.928356224602604,36.1997692072369,Medium,1
64.59128821003367,4.423604940733687,123.42118888573125,0.36261158477240707,-8.352695874200682,23.419442561681294,6.795080227365554,28.250888445305527,Medium,1
54.942215230800144,9.791202956595933,169.99186610064106,3.5164002702112525,-5.217771082587141,52.12677538240658,3.154892064822239,23.41132020463162,High,1
15.889797549653418,1.9964853399368412,39.24914334123313,2.0126317774507103,0.18513179028371907,17.209985264986216,7.92501681861466,44.416290735131106,Low,0
21.314009986622963,4.802935854807502,25.10995797969542,4.600200262729518,13.423731347717386,30.543169268303227,1.3045348717736083,38.334891191674124,Medium,0
72.89879319689555,1.3782220765426476,192.6959894948655,3.251275355468308,-0.5687003571076149,32.14624779478045,7.626861704546085,40.59711256509026,High,1
52.45003417617129,7.659137086902373,21.60891187528142,0.45209488895830374,6.601853029995853,15.96299332527641,0.6835171485056624,40.663115067532715,Low,0
10.643793613164075,9.262688969792356,95.69821402143783,4.739282836268304,-3.6228194394650464,20.518283339516074,0.12592612667494785,32.1358577372779,Medium,0
17.103008000622246,3.5203359659544047,117.11274575866038,1.2927863182012294,-6.824160600669207,78.85518420082566,8.98223518832162,22.900731215797293,Medium,0
56.445123837563905,8.725075091192087,108.27488418148765,1.686062452031429,-8.536584997998746,16.719585454726836,5.813392169322986,43.23388762928252,Medium,0
10.354310869235308,3.62996407415708,17.206431406588642,2.0113020684177103,-2.3646625364312164,2.8457391843922486,3.5182689708681147,46.30037088016253,Low,0
21.256563599224904,9.196931454795237,11.405382800723874,0.25612148202156626,-6.058474330077301,62.93549426289384,2.325946369638504,1.1903021629171506,Low,0
48.41136525566103,7.785657132371055,21.096685492207136,2.482577111153024,-5.649738799596895,97.598311939245,6.168857832608161,2.5777436633125648,Medium,0
58.43266383848853,8.244160991572947,117.1175367745225,0.6165924553764612,9.018982709673752,33.12138146231214,5.0900218353673825,47.93716484542186,Medium,1
55.637288165182035,1.1620590004040905,108.86897752686421,2.004851633441759,-9.604048226378145,11.86557031962523,9.915977755299853,13.858030692209738,Medium,1
25.698851662239186,9.665293213666233,46.74815840734885,1.7535489399604214,3.9452531433858606,57.03873253675308,9.832159866537458,43.66847198247093,Medium,0
59.85254549432751,7.540038928632909,127.55482836911831,3.864200417132517,-0.5134654851633802,90.63542110956462,6.350245661416096,19.439755948070133,High,1
26.607436124776005,3.7427598584751998,164.01350041112988,4.0158525581636555,2.6637499977136803,78.40617798284788,4.428705061058905,5.95500288046778,Medium,1
32.77797887114874,8.464551983729622,8.315791969318752,0.7670644119454401,4.070755930365072,62.2515868412716,4.911409691346621,4.022160010466713,Low,0
62.25439835826169,3.5336907857343696,99.62598870960848,1.832755936896131,-2.165807638568045,31.50564966075994,6.82479066236862,7.8253949540228245,Medium,1
55.474302933305026,8.85478455609515,137.86208242053806,1.8667658051591585,-2.6222784953928677,54.18801732762199,1.0157454423538137,12.494659743368237,Medium,1
69.44563873459245,2.013223513707433,50.46238541393742,0.7570522196804252,8.335046233372642,9.124484130425536,3.283520738107182,24.425917696541312,Medium,1
56.03290246102404,7.333173797147162,61.55418105862982,3.9922675252559525,11.78192470302893,67.894542428067,0.7527224100360386,35.07489502828918,Medium,1
49.781602233483014,5.866286289804193,122.72758059787677,3.5361416416771165,-5.185459188536803,72.50960188976508,0.7336075951691956,49.319928824265,Medium,0
16.557233747966475,1.8688102317589674,179.5870586887474,0.9519089314851736,-7.559530986621276,96.50316229099188,1.9583924189423374,22.075337164458553,Medium,0
35.74010621416035,3.177044454329551,161.98488406057987,1.8336095429689951,12.444895159800648,26.039735874507166,4.852532545932268,25.90924711715549,Medium,1
28.56416573772078,1.111636326495833,116.6260438199167,0.5290251242825711,-1.2526134088150336,1.8456419043022643,7.847743211627893,26.09078506916278,Medium,1
27.07927503653585,5.218911689180553,146.04434355144983,3.1410329854652197,3.782934766570354,54.56084644271506,4.854958911658725,26.971717774396804,Medium,1
78.11073883267119,3.711387346840003,72.96449404155973,0.6068596227430983,-1.0114213869999134,70.67905043968145,3.3547661056086975,25.88703285522311,High,1
37.51684072667323,6.38521735867983,128.19310561975155,4.929670843124589,-6.854941591348717,79.0407475882988,0.8235299033675814,0.43873775309589136,Medium,0
72.44325886239793,3.675140269377555,93.2363182255114,3.9034103734393115,4.733291123693201,19.37389330248106,5.5029552318312955,0.08624110549203534,High,1
54.1797038198084,3.699272003562862,37.987227291512184,1.9511927479199753,3.128521294240741,26.175286903702364,2.7126858648317675,4.883315906306146,Medium,0
65.63679124791538,7.6887387885844305,140.34765477545145,2.8928196613967723,-4.925161020220069,51.25909252672963,6.149341779171475,5.077830171458942,High,1
45.184596517363445,1.4332855238051811,111.29292746976441,4.556709081082044,1.296726116306946,33.060080997000185,9.771877391324184,35.244845447739806,High,1
50.383271923845136,9.126054956727884,71.72431639071829,2.7704964019791305,9.923687600391146,86.05114865874451,1.1131432147755016,10.245801625799988,Medium,0
44.47623856732047,8.670374869520632,182.26783801572614,0.8724924319897759,4.760652577697283,47.37601537387203,2.121253987219399,44.73570523778064,Medium,0
23.667009145863116,7.0102421490376585,4.1868235653466535,1.8935167779057966,-7.577066823325128,79.9578644102003,4.730945380993747,46.430316478850976,Low,0
60.57164806830537,6.338994130966459,63.1546302498992,4.215724325148727,3.7005374307283767,58.06197604823537,9.686138153459295,48.794666894794936,Medium,1
29.654065370859904,9.03072248325687,11.376279555529312,3.2210650799480893,7.568457482239672,77.3090141617112,7.718097762699956,46.95406524435101,Medium,0
11.70211765020177,2.66797161575843,153.30546324432544,3.2536219216690014,9.817585144518784,33.267298653032384,8.982291931628302,13.594416095926231,Medium,1
55.183060713501746,1.7107224597174575,140.42149082275853,4.3341074284424455,5.727939465856669,83.14166219303112,3.337148484757929,25.488842235175625,High,1
22.397747558493425,3.155591529185843,66.27044374726341,4.4698652873125235,-6.183545886480407,27.457231555102158,9.920384737785945,8.77274850984705,Medium,0
75.832100904704,8.151204508301712,135.1325804414146,4.598962858897181,7.754331664754017,54.60988080032908,1.028328160641574,40.31048275862166,High,1
76.77500039018112,1.31203240053835,79.18744523918997,0.4742459662657805,6.933546152037909,21.400711317387422,0.5297290604610083,44.421585257204804,Medium,1
74.0405073154314,6.245261515751407,151.25075828448686,2.7206300098155047,-9.38932792648417,47.55265216261934,8.556026270540281,42.56444196487574,High,1
35.91110901788111,9.95893764572179,90.83673254734121,3.702547606091593,0.2936916897560793,31.817520950870314,9.272648702069862,21.668347434841746,Medium,0
11.08196315702072,8.701264844537855,82.45594556633311,3.784634225635069,-1.6762438259406676,26.670343063721425,0.9058535754610175,37.93369423433905,Low,0
74.98229938114078,5.693011201392305,186.9459830976602,3.0335810098500193,6.7353016063410855,96.69850180280375,1.134274267458415,4.878958478813472,High,1
39.972890382212,1.572768183579781,50.17581997814005,0.8339366759183708,-4.5966046922269825,16.00741054867306,0.33174157755773814,2.0122385309625344,Low,0
77.66583733305687,8.482361629471388,24.089467999313086,3.9871027697083217,4.771798074356463,78.73258374573953,1.045075626427241,37.66182071543804,High,1
77.45339839624769,6.390806573594895,116.90862265189163,3.6005566675747285,12.83014904535431,98.4164959483215,2.0941981680028086,21.267763716434185,High,1
69.7106618827152,2.0343969735361016,193.86436245683578,0.43067885774518144,9.945059305215192,1.990148374007783,9.70076618910001,49.777463236978456,High,1
30.611422444871,1.844715563410206,75.56784274543733,2.3190491233718813,13.036443405413259,69.90274140420951,6.678602222396805,4.86271079277662,Medium,1
36.956841002134766,9.186641374929332,12.407352725756304,0.8698869976090179,14.46264917331725,25.291180555628713,7.785530255185421,42.78138407676168,Medium,0
69.57956700617999,7.022802366442706,67.86105346191349,1.6873852285648594,-9.733246824845931,4.0487824328304445,7.761394036915221,23.999153276449587,Medium,1
32.18454036093944,8.4635811938508,101.18633086391169,0.09040546102842717,5.568531909436939,40.28895789566308,5.350737497792146,41.357509775193854,Medium,0
21.864492268026474,8.910810102540406,32.38460132644274,2.001649342053791,0.32098494397266086,93.5217810170875,7.974889777130172,40.85636410850724,Low,0
48.97608837208451,6.1459511684349,131.6204436112984,2.749384605781052,11.496362258378044,1.1765094366997686,5.958075323899696,45.79960006810387,Medium,1
75.53083419125467,5.657017165795372,199.54987780204013,3.097912964135434,-3.7046324497717076,58.788569192978166,3.145460976033576,14.89250056430514,High,1
58.72208576724811,4.873846692888912,90.34789519628876,3.3174517256435503,14.525737227876904,50.13964785953243,5.611101087684007,47.48996767310015,High,1
49.90428190625555,3.8525192901200738,70.94571134604253,4.1814565655123,5.342699238593682,87.33841643710475,5.335085861345135,7.583348017881014,High,1
16.8023545639538,4.911363647728406,80.14083336689333,1.0773145363786503,9.838435055720774,8.400171452062565,8.234530537593207,4.098438879674527,Medium,0
53.05050586894188,7.964916901571407,23.029235679040227,0.6024091121923397,-7.860011179430792,68.15260298866504,9.81727217381659,21.580775868617458,Medium,0
79.30376950729843,6.417310879136184,176.65472028524476,4.257685859489628,-5.413552881028374,68.01096984332773,4.110425654209306,41.41614843209213,High,1
19.805881066556683,9.032709609593615,82.9651311042704,0.7830640744632494,8.96009182585508,66.90800168622832,7.633906784413597,23.67105653167228,Low,0
46.283075665461574,4.99042012941269,77.45488228496826,4.873800406680976,-9.45033694901691,94.2334494935037,0.9976300403813354,41.46433387652571,Medium,0
71.41611503495687,6.463806208468786,131.93805458609486,4.212691146993185,10.42194964734457,82.30875290068805,7.7683136944828854,36.48434028971526,High,1
61.853803242794314,6.681767977827898,88.40668418622471,2.504383029447996,-9.651274532702214,4.197272624350601,3.714169119932321,10.471419306946677,Medium,0
58.79110186966876,6.32527446075693,129.6466937615692,4.9071071246101265,6.427970976531833,47.108285070451316,0.39390162889686664,47.44408124497319,High,1
59.17388587909765,7.323703957769647,12.289258026157501,0.48688364554002106,-0.8726519942048533,39.79530562013335,3.6324617856217722,3.0390584314701705,Medium,0
35.16438058538286,3.1369012153732565,162.74466874444548,1.5153288058755083,5.287371317979978,31.014722109080207,6.106427509216448,44.913985377189746,Medium,1
30.551429098514536,5.611273997912116,188.10079057588052,3.191122075203057,7.400785174727843,45.13367251540973,1.1925016768146657,15.2221724495187,Medium,1
66.65528088349595,1.938023225275129,129.7530772318772,1.7500343423658937,-1.4381195203423953,38.41941849259774,9.240344924302546,25.007404158219966,High,1
66.70793762754265,4.460601948803313,190.91318577176216,4.641862759903959,-7.3009387972291115,43.23338998786653,0.7767241327283858,21.117593635036723,High,1
70.69506230060726,5.38900361759138,30.286462873992658,0.3281304408890878,-8.258853306293359,97.92618656086425,9.300067198331663,8.59172784584581,Medium,0
73.92683867895299,6.870018335909252,95.48323789607073,2.747059160304823,4.723400564063696,8.863297474958076,7.071375179356865,17.907343320084657,High,1
45.793967920265644,9.55477947327583,120.36134678908945,2.9543313369755726,3.0163838433527883,92.22308698387297,3.297121754142036,9.646721814639763,Medium,1
45.10614062810397,6.405859598935203,116.34732948423733,3.2636406188861207,8.555025228028313,48.02367134710267,3.9075034770909323,10.194323773026193,High,1
65.88066252767426,7.692345245589038,80.29235581780864,1.2783311166590723,2.743387750098428,62.374224549954114,7.4080936473274415,9.352841801319018,Medium,1
55.49747515444356,5.556394535456825,67.61688187325228,1.8228321375993222,0.561144750771978,83.01829666176938,6.014711008812074,24.450869017329712,Medium,0
59.137681408039235,6.706936282386982,25.36480451008376,4.218402648324888,-0.047820544094228645,36.046302914925555,6.716429214549452,39.89656837556578,Medium,1
65.70548686052707,1.638389945203961,78.34849011245564,0.9747138448507991,-9.338827435058313,43.04219080879669,3.8916461651347998,28.44850168806205,Medium,1
72.30037392722964,3.289524227576623,32.53216302109703,4.13433923586681,-1.6110699575835712,40.95184802787139,4.87813481807599,44.660329427542095,Medium,1
33.65966097960751,4.256677838846248,146.87313529844369,2.813277114513712,14.400503938112356,37.47310225357599,9.898674840378934,31.82722442883621,High,1
36.29080668479608,5.252440195058622,41.766187098917996,3.8109375559704106,11.83888940567722,92.5529321646895,2.139228704997177,34.46700578163022,Medium,1
16.57873578886083,1.4108387095214536,11.71306105690677,3.568036831317358,-1.765548324144558,82.8929891193012,4.178561865221314,33.38036148635016,Medium,0
50.47960986973218,2.2602168779798593,110.47322756344687,1.0375574769243952,4.694885126659305,10.89999898629761,2.9182318757396732,22.472959659187058,Medium,0
12.515959165771946,3.491328770121752,119.04594654388032,2.8440636821693643,11.182418638387349,10.812335247709603,7.651115104398498,34.46694111000414,Medium,0
42.59186126927221,9.743794218109455,174.3826122561011,4.338615764025462,1.0318584187517166,42.78695148529912,7.640126256657207,3.485387323448058,High,1
47.985124429530366,3.9821230639274567,115.39632248353638,2.1605811840096467,-9.551053406246226,9.865737673280906,2.924454609973959,42.992573595783156,Medium,0
30.057887648979907,5.338369523008743,69.09617074468915,4.832953851116583,-8.137238454533998,61.909309527111965,0.8139031663298291,38.89060717219587,Medium,0
51.358328239830755,2.764879414645536,160.6023763052641,2.26107550050859,2.759818033717665,14.36916072617339,0.11432676672204045,12.261497911583941,Medium,1
12.135017495733461,6.497020639681915,108.05577863748421,0.7139281833394234,14.23598439189696,52.2373263966801,4.274505332424855,38.40162271270412,Medium,0
12.61437321244501,3.5261489396437686,15.856056926238349,1.9471734003883663,7.330238555471694,0.7219947003717753,4.103375943357709,0.6321300700009247,Low,0
67.58203924617608,2.8629332059458408,113.17011206264934,4.7585120319526855,-8.227095214035762,31.659634841264673,9.88389878639863,10.862328624044022,High,1
35.2133448987884,5.649153656013811,181.60370908433248,1.5986042466992711,-5.2659781052034305,67.71907236726554,4.698020756976796,3.256861933544797,High,1
18.894235885631936,1.0495521924437874,79.26252509964411,4.340490799335314,9.28307858042125,48.40389402278484,2.564183695754206,39.01134583089473,Medium,0
46.5570282038363,1.0689762938430278,59.265160379960015,4.406253408409449,11.035993998906118,97.82694859989881,8.912294410314674,37.79370755891936,High,1
63.89954871690276,2.9716192819167198,28.69389140360401,1.7509326216598053,5.442364654714772,87.41037960662108,4.910679496535785,40.681801190091534,Medium,1
25.107471924779023,1.3304922625073903,30.289104387071465,0.4162882902531606,6.110579240745415,35.90707790431512,5.991756352105778,0.22408466627644175,Low,0
53.60233330733002,1.9722317871762223,86.55429686836378,3.6227895457940913,-9.291563740415384,4.5486541472274595,0.9566871042821268,25.0616363339204,Medium,0
15.974322549563759,4.049745844048765,119.1359648323059,1.5575614950699301,10.713256489537713,84.56263001150188,3.8291640732977408,35.24180987586683,Medium,0
13.61772048180254,8.223271116218315,16.12308103392035,3.9146180712878618,9.70688020427074,91.12343103146713,9.442236744737867,7.770056436950773,Medium,0
47.19482420977036,6.148437790323707,187.91371780503314,2.2132742413021655,-3.5241213974163212,82.06273934190368,5.895053841754255,32.48953637563123,Medium,1
47.844458512707455,5.614009533607748,151.02672348903917,2.4263337117131076,7.716917999137674,12.794994091976486,3.4450185514246168,4.205504965484286,Medium,1
54.62009310487446,3.6413994088730948,117.32478365673254,3.889547033742684,-4.628634839375048,99.79151344122877,6.256671806315931,9.066292805215658,Medium,0
60.82639336058631,9.385783474895348,165.68773418779816,1.9118166553081395,-8.991745973712176,25.85842215527738,9.104110895781162,23.78984074973005,High,1
78.30964556237743,4.573135371134725,16.03735136242266,2.215636726614573,-4.971586435240568,72.42049128083701,2.7399060047259005,32.6782576340551,Medium,1
46.141024381083675,1.7838349011619434,95.36777554662488,1.8809523438481106,-5.534278081142513,90.80348763357216,5.051167184706744,7.293456347694804,Medium,1
32.606953105887214,6.5535986450602115,126.01862537233268,1.8367025763863998,-1.556300081628819,23.568711433070945,9.586906539117553,9.261166541546896,Medium,1
65.66303363380926,2.0245455412894127,165.73058122365785,2.629732884507297,0.4612374293864524,90.8258554677066,1.7239614329845265,10.22231835328315,Medium,1
28.958257588345194,4.107008285215229,156.69391200985353,4.043997222505753,2.713472287442698,30.948157919486697,7.196639255967115,11.935040234948923,Medium,0
40.72799944939453,5.56670744846028,55.413849942679924,1.8088415596128293,1.9188468877082037,97.64132223840562,6.1448100820298235,11.327692426314561,Medium,0
15.491946693958617,8.868002722166583,188.17603391184085,2.6212736026886834,-3.233134850867766,28.12600203804746,6.796751311406348,19.757455424881837,Medium,0
11.774552039082026,5.441919223061068,24.86916828617407,3.353636627213004,-9.270733285648138,95.34358247578352,3.5121963066756967,32.68948254183614,Low,0
77.38538902745475,7.3203288942849785,175.02672372423044,1.3471972315182752,5.127540555928768,5.3544650892674905,3.138793734837649,21.90158915672348,High,1
68.5186084358544,9.935351550991633,194.1880499209237,1.3876140245119628,-0.10637925381614066,70.9272011669813,6.842096705883705,38.79869543749441,High,1
58.71819442655886,2.1834020790818345,35.430704644525115,4.667065635117274,-2.533196065311257,53.21111338370037,2.1554328510454535,35.96342529743074,Medium,0
38.62670610899889,3.4725837296756756,144.41321284075707,3.617672866655443,11.673526070762808,47.78770771227306,4.196547448590051,6.326345702453784,High,1
22.130602404959205,4.551184680378817,8.057103755599693,2.885933381116544,8.668582694953994,22.349431425583997,1.88174646052918,2.4420811660371964,Medium,0
20.950592986976023,4.796453606849482,81.08456502783099,3.23860027210306,11.444138709311055,70.5595789776492,0.08304841123329743,43.89707819998031,Low,0
27.517002871521672,4.699189677389912,103.2566598395348,0.14649721551709183,2.3745698678115246,19.08094914463071,9.700573600380695,3.991553328143671,Medium,0
48.445866529428436,9.168499023008994,116.12904518192681,3.090514827808484,-6.726718696830563,55.284179598476825,4.3170297865641905,7.416959035985654,Medium,1
60.02171458900436,7.426293800201708,187.1874496497119,2.5475443661210093,7.40553590303181,25.32453630402508,9.693496144198253,1.106663777905903,High,1
56.21381637024119,6.471146926816334,134.45013745883892,2.7287483988971784,-4.848155501570619,95.56213797813561,1.4032351976782609,31.41681826493269,Medium,0
29.595372786216,3.784354460765039,96.2555902438474,1.7971191341540855,1.0307417272929198,2.8631193835652824,5.87366779457486,29.118528157917428,Medium,1
76.84056964642359,8.414113457991652,161.93500725317787,0.40736948856470945,-8.374980276277787,19.972828011123656,2.0097403279123958,49.34518332176278,Medium,0
61.652784168703796,9.5955446033649,190.10656419088178,0.9666961680602609,10.63271006057456,24.231060638744772,7.900741269632747,44.3466198158586,High,1
48.80478367579805,8.390784542952039,4.4132297364581685,4.753723566063359,-6.851483973812486,41.406782576781644,7.837029887609752,20.542158874045484,Medium,1
52.820452236404655,1.0140859467232561,196.50425445120774,2.04349781135467,12.577437676232742,23.273024187005355,1.126071490393118,18.57929204562675,High,1
39.372004369945294,6.727612331650663,17.226427812736066,2.333415779154321,11.605765056538928,49.134909026878525,9.120644528763892,14.842601713999255,Medium,1
27.34116926508102,1.4602184329789065,162.87735585375228,0.26354894926719497,1.6145691109811517,87.2465523258539,1.9462964720322462,7.6203460018940685,Medium,0
34.91808750558831,3.318464983003497,56.066950510282496,0.18783114771990295,8.609205107599767,71.20634214091707,6.129773415893603,6.904182830100453,Medium,0
63.04922773250584,1.5357223031299452,26.43593155077435,3.5859072352337886,5.486126845453832,57.99619805351111,9.85633620087704,6.614185400480271,Medium,1
11.007544204082912,6.43415907654449,87.97112794276698,2.690473320605556,10.076891058443621,8.900317798267965,8.823965347663638,5.705737859338927,Medium,1
18.125084835484138,7.179309221433461,128.7913158895227,2.5435299210813334,0.7951275196478014,69.39921083892756,9.56563928561169,12.025602120276845,Medium,0
13.220184941522692,2.030388742593146,76.190369004695,1.2156226521133435,9.645212106108751,16.641428431093985,3.425987712181194,15.333431515655821,Medium,0
12.851016162327909,4.454549947404815,10.913081656539791,3.723753658149611,1.561420426628699,78.63673859616979,1.0557564221946336,48.07894855194579,Low,0
69.88224088077051,5.106128580599878,119.89222793174332,0.8411828955424594,13.524144696069845,25.00567585101532,1.883468732894501,28.923662550094285,Medium,1
59.25605015660166,4.321477195848249,180.48065522213494,0.9496737183051002,2.1593025206286898,41.70487283209009,5.004948950766138,49.37978872566405,High,1
43.19216803611276,2.0892250043667375,76.64307318945033,2.3035608567413774,1.5654817983432383,35.04702023179279,7.932296782733221,18.623347391283662,Medium,1
16.848391245570102,4.770530111687279,43.266555526165405,1.4313993105597045,9.626796539087819,85.88139146748568,1.5015364418387522,22.88133162947205,Low,0
44.41311125817826,7.760602430275763,88.51546918656308,1.2373149061657318,10.53944229402095,12.654445871340814,6.597315322607571,16.228932958263957,Medium,1
43.143023954639595,1.639068980799299,9.672542209756173,3.226188222766658,3.862227858029269,56.56448823847886,3.235776040395119,9.144382544827634,Medium,1
22.124130893701064,1.7216201267371312,164.09751689605497,3.2548587260927224,-5.505054662623115,14.206160944306223,3.412020723921535,7.158235388878959,Medium,0
40.36961544665811,4.192941626523858,165.26816219003734,4.122585348999646,1.693955773939488,70.47958361321867,6.619177301579263,47.25395989039159,High,1
37.895331407816144,9.475531404570326,117.60009268592569,2.0885428348648793,14.201812572741959,90.50781277944812,4.669994195332202,49.34053408993779,Medium,0
53.109506863655156,7.017153820506227,70.6205777876779,0.3654254551307512,8.824654825979628,43.46076538672534,8.12033293025994,2.2454748254365775,Medium,0
54.45655556073507,7.108029610053083,159.95667288915666,1.3683319246072885,10.279065096978306,48.80922602649759,1.5591850966282705,7.517293736588327,High,1
13.171280684043117,4.257279917540785,110.93740495767344,4.900027315984085,-9.179362529518997,92.74228364827623,7.8994826976703845,21.17620461505113,Medium,0
36.22288302385299,6.342947120876846,165.18646171000324,2.9812928761635105,1.6964865658539974,52.09913886493571,0.6423524805742087,9.316673817220366,Medium,1
53.810194099996544,1.0911806562496904,126.29175851660412,3.548685424005101,6.165528341438884,48.75984380495609,1.94053880245605,18.194019681344166,High,1
45.21953810060614,6.72486441768588,156.88109464255945,0.03678914812707268,10.750817090701867,57.83291027043042,6.5614971450316535,6.454817492981668,Medium,1
69.95428888318256,9.21958252818613,119.712598643552,2.5910286609126043,-8.768158660430712,68.9229736362952,8.549256565110712,22.82558783608951,High,1
56.10855421332615,6.513161215103373,82.82821364313324,0.1876432876590156,11.310972141046827,10.688337508703139,2.5267962773934904,13.584730808462965,Medium,0
21.40540989570008,8.863287341197106,191.58917198522752,2.84615106045724,3.7100234185477925,82.1110527741516,3.271916058289129,17.595252787933042,Medium,1
14.93981231803009,7.515757499194844,108.22276497576895,4.603854248180377,-5.067150735598502,43.55050274532593,5.3712074828673995,4.71563257313738,Medium,0
54.96934947444209,2.085025747633212,121.01790370810768,4.8420956525020395,-2.0686195887574996,7.234850989748553,2.1157280648930232,21.406402535507084,High,1
11.855791737913528,9.122079765572575,44.09752788294985,2.702763376944621,-2.951761206210981,78.61826691982131,8.111562615875057,49.16288054807849,Low,0
51.00429068914243,1.597994599201974,125.13015788545529,2.2910240262610797,3.271475857211895,37.69499716862721,7.7363664500576075,16.441652344059516,Medium,1
75.81611689974703,5.805707252929874,114.32152989658877,4.72508547124247,-8.707858002221705,10.036749509505395,1.4529171196578161,43.82146374212175,High,1
50.28319245131153,2.279234114141119,36.96767958940499,3.3680491599834754,-6.036596037501912,63.377903954325056,4.638297318166321,42.15995708118426,Medium,0
37.17189483445653,1.1053594965781366,11.917419470628744,0.3244963976920473,10.31732608439456,88.01313534336417,7.748277666546214,47.60292091486053,Low,0
55.03017529096472,4.798308341148751,120.87186394295422,2.328627888337488,-6.684900231329723,88.77535094139863,3.373295311034148,39.505475613354726,Medium,1
42.07770233440616,3.6553663688874063,152.73845387006412,1.2012250923215195,-4.165093263546826,95.76634748089732,6.331068227177317,32.979841352940745,Medium,0
48.193175252115445,5.374004444178427,104.68027418440164,2.349021607243408,1.334265140103933,86.7705459766688,0.5021312145757273,42.82922221137288,Medium,1
75.90253661435676,6.194798980610957,45.35452506392914,2.2773278600318085,2.9280222028332616,0.2140919345475223,6.08688760529318,3.782234032867482,High,1
37.027184646054195,1.393651650780526,133.30439533860698,2.9107240140737103,9.090261990353966,38.02411664133902,1.52652980000607,23.14153285994039,Medium,0
77.283339467674,2.1070296561137107,16.02114532192045,1.7838524517462562,1.1833106666546944,81.85425799055031,8.305833251144513,49.46281193075294,Medium,1
73.37454493692447,6.027781568053828,88.36674096039093,0.8213522472796403,9.746615525888469,36.62530059984742,3.554494635804785,38.48000756473661,Medium,1
23.70537943525075,4.088506178553924,32.67335167968404,2.5185971729497814,5.458657676136436,60.15485063797061,2.815538627281957,48.10376890186115,Low,0
14.855291061261582,7.562561387945032,36.891810211976676,4.15101442172881,-7.172506514404438,60.6316947374532,8.40888976711485,38.981717806673956,Medium,0
17.054460096419866,6.8706248373274565,40.45878983164073,3.3200611403380114,-6.091714040179036,36.502530403882304,0.5014402307181021,43.74409837210721,Low,0
11.27552779560848,8.610439266909161,77.34141140879558,1.6918393296260792,0.9258431362442704,90.44739272812876,3.966087993343448,35.32648161515955,Low,0
16.611007252914987,7.2324354400230275,10.230041124079525,4.677615113794286,-0.0777651727740103,50.32283453861176,3.700035405750314,38.025100220861994,Medium,0
57.81047413914498,4.869379696511333,79.55868818581963,4.56103785624591,8.588606740932365,46.47842059375008,2.8480037424955085,26.158900491975036,Medium,1
14.983205392216028,7.056699601549892,102.34148942294017,1.0467419969204939,4.518428494933796,99.75137456618958,9.11754332001477,46.21188504070665,Medium,0
32.32829412056329,3.4784305682987666,96.65885699326505,0.19708792560181487,-0.29667297494376743,49.35003640726167,7.509283935167223,41.25194553116808,Medium,0
69.14127176786182,3.756821489003914,76.5568200806081,3.706543541753811,-5.7309929137403595,17.839825192858104,0.6392316419193877,42.19424828328161,Medium,1
11.629035501507811,8.10086643928714,167.8293216141505,4.1380513067457665,-4.329072441862621,51.306942286343805,7.146874494349541,33.650455048152615,Medium,0
67.01279378122551,5.01777564761424,29.06533848410082,4.839322829756776,4.387525461726475,81.401673551993,5.2729913312879395,15.22899735436245,High,1
29.729834234137996,8.185423064665173,101.1393487562748,4.449181970441554,0.5859701224948116,77.68603268982814,9.008678944015792,1.7814897695069665,Medium,0
18.271537933515937,8.401801363014506,12.40828339131086,3.002673841032074,2.8731877215168016,78.8581765108471,3.1294561734835846,46.782756470477224,Low,0
58.77160157549054,8.718061038951554,14.231135775581949,2.650261696061904,-5.733064117444158,70.80237839979118,5.741619996095829,29.306017440274847,Medium,0
54.02599927459188,9.249717122570866,114.77316993541926,0.13920525631293146,6.572656308614145,25.42178290666882,5.007552747409861,14.907148557407012,Medium,0
71.4230409468937,4.878866984619666,113.2036849775642,1.2332822342238892,11.313468521399177,86.20840858402315,4.8956090622760575,7.45675539237689,Medium,1
61.454973066272004,3.8698013648902494,175.6067025688914,2.298073758664632,-3.551512330327485,89.3443465376265,4.561053995172126,41.47615827503773,High,1
66.2436651269394,6.2397887193470245,111.57473513201464,3.1425195004178392,2.2878556457956645,19.415269661854907,2.0562947553228126,41.82600972237894,Medium,1
29.742420079991454,4.340551810938648,191.95820408097003,2.7862591665920533,14.388183225522544,13.045563655139391,7.5570992249239275,40.72539840652657,High,1
22.420768064580596,6.4096675012020965,9.738969679985953,3.7131799484084524,-1.6689564862318091,97.56049685891121,4.513360327392887,32.25413459833931,Low,0
62.54303261486008,7.350272763794422,19.601536956148212,1.3988346544352042,4.87615862309403,86.83239636503679,9.585162750026058,18.300769379593795,Medium,1
66.47843174870849,7.195645166429232,8.81317231407628,2.824763038262366,-7.745107494993891,89.32361472099467,2.608084271927763,15.20351423901285,Medium,0
79.33535994004713,4.370975983181092,37.05537006670801,0.44071121695396065,5.15037506198608,88.63763846243951,6.827438396270411,0.42773850590850926,High,1
38.88323738379985,2.501741815288775,108.25402218833563,2.068327617916035,-7.759205667384553,54.168682403372834,9.407170796391085,41.680377934412014,Medium,0
36.04126600549482,4.874764046159868,129.1144362854856,3.750804164773005,13.980885883095551,64.64017366657997,6.634583230160925,4.371634874682123,Medium,1
64.34890725193978,2.283347296737179,9.11703158973376,3.46700426714522,7.891566301807785,54.53628521336417,8.712729076173947,31.53774990203838,High,1
33.85624781771125,9.010873316654274,189.19417796911986,4.953213685860895,9.703994703392661,5.1206349190329075,8.27480959757006,25.20374734200442,High,1
75.15301279224953,4.112897146640717,168.4330753300762,1.3894556299387801,7.602609019290921,74.55030853527727,3.6011771548900384,26.33446794631756,High,1
70.08889262901083,2.390137725009914,59.32249643141863,2.4909464958698955,4.743225901911644,50.53320333358803,6.001239399394965,46.335642265388664,Medium,1
40.02958191625128,1.229029839151758,15.437506045293592,1.6476520688699836,1.2478195271376342,64.77090747902298,1.562613398113556,1.5807505635621055,Medium,0
62.56097474540481,6.8124014765783585,33.97741464381146,2.203015570295874,11.45933449402656,50.263980497553526,5.355258826955995,38.669611231438616,Medium,1
62.81800118592776,6.732120857092689,25.388882750994533,4.2847506493469405,13.920891688576576,49.181132232245595,2.304219718143372,2.6026199183653564,High,1
17.21867081851528,4.065437499231625,24.65675585978937,3.421045375942433,2.475904322602033,17.178910947776682,7.437368149524456,1.90768029676886,Medium,0
73.17870346756966,1.6454069996288592,103.71233773314678,4.412205956737909,13.28837622888155,27.871371514114895,5.280584218921246,21.490884907069095,High,1
45.36766607135,4.686660054057088,49.16948849868006,1.0175555416594322,4.583322749712938,15.88526919439558,4.112273626316605,3.153758717148336,Medium,0
67.85202262754191,3.800957455570542,71.6279433058289,4.36680558920719,3.45960467241083,19.566629562534242,2.687970961669776,39.457197564645604,High,1
32.403472072142826,7.094085757615084,197.9010666768645,0.2988113708919221,1.362068323883917,97.29773804203049,9.986984818412868,26.47815468241686,Medium,1
72.68662599473403,6.452013245074213,136.86284978506896,4.442996402185762,-4.767805961747004,15.311344577219844,0.7171052088493268,1.4519391329887221,High,1
37.244117511391416,4.28134355377786,189.79613340940028,1.6453688973036396,-9.90700847954852,26.927042430520764,0.4356068057242002,2.0250343240959756,Medium,0
10.758635603620885,2.961032988294911,28.511311006623117,1.5729381670703324,-3.9623443285984683,59.058965773858496,2.1725740049386455,30.63342648697397,Low,0
73.37673834934846,9.892323695400327,76.42789496651386,2.5604428834933195,2.7430792900891294,61.017857623664185,9.710724586278197,40.30559088292024,High,1
16.39006737502935,5.086014590765034,110.94636065647086,4.703450938616159,-0.5010011935061864,15.397412974382906,9.792381683199844,21.889976563738678,Medium,1
32.35195463132904,7.194468122022133,15.351612377747603,0.23890682340702685,1.212130700065845,79.37174257852124,6.549277347721359,27.72903357678122,Low,0
76.50433769355635,2.264976708205247,0.8374887255915731,1.7611548753537265,14.516205489101239,78.5202867912825,8.801066672064048,39.99147270249508,High,1
76.54250028562893,5.37030729693458,134.0868667593835,4.282859943416678,-1.2431907332668102,23.731770420389108,2.1396173084079537,30.52530870209096,High,1
50.14065216863003,1.2478304788251893,128.36390336028705,1.9802723871773336,1.3045734840026975,28.866630267546046,9.720420941766236,11.238011882940974,High,1
54.22860485188595,5.549096061194049,82.15776199992236,0.995784487985335,-6.662111216179511,93.7987865459497,1.4278485013956466,30.65260129347393,Medium,0
41.39118653848239,9.67615666405932,97.92881520640653,2.1239709066570587,-8.80105668907531,82.5671445979478,1.0112518818165828,31.41397295326068,Medium,0
30.524754018864517,4.457860416872202,83.08860011841792,1.9277625074583464,9.385237864812366,69.77970330625239,1.122115392472729,36.705349044056334,Medium,1
33.006518175894115,1.3509641131742043,4.801008968977771,4.5770810073335175,4.267079376799466,8.223322151060053,5.7312792327256465,31.043709377840063,Medium,0
57.07629192539269,1.2786021182740916,67.07432124349249,3.8096718787154855,9.017620151097375,41.82640809025757,7.809744007180523,48.4621065229019,High,1
62.6662170606376,4.4918808395218255,35.416451079457964,2.5255777787200318,-6.25343002783621,55.9301872076827,3.666671778746331,9.864415435853424,Medium,1
65.4105330608094,2.4402244281687464,19.68483782027375,4.9418528336078555,4.295719279567273,18.741128798377694,9.778959877861265,47.55453397835382,High,1
65.27326999561878,1.2101688669536732,191.34408677786996,2.3263876563796164,-3.6589381414656112,44.82265821082245,4.344201381183295,26.91697451750081,High,1
16.384427213408326,7.805922525551591,119.87194500843313,0.29118915410137614,-4.298454577499502,60.102587748869,1.5044855077321628,33.5978070247456,Low,0
44.609421329180705,5.126707079937016,145.73125684732054,1.3113716090749246,-9.711849648675368,32.737668011539924,4.6596674818613675,4.9730798726094925,Medium,0
14.0291132011651,3.603202947753891,63.0727486532235,2.180352401096563,-6.741481910773203,78.09448189504872,6.790371654224399,19.02879706890535,Low,0
48.46702176266149,9.100748647148327,78.62942589880304,0.7845131207306005,-2.2682972125076164,84.04495816388055,8.322257805043787,38.468957323158634,Medium,1
40.90713509613639,2.0452506418047305,47.38479877934469,4.737825631620215,-7.0780309852265235,32.36094694340708,4.587682899565929,35.345550754949514,Medium,1
72.13929279308098,9.603269460597874,19.393134193084947,3.8342444890888654,14.646461010273438,83.86571544924571,5.936068260491675,2.006969408270509,High,1
34.56405087864551,3.8257004563961754,35.80632748831676,1.3414360021388632,-2.284183786901233,10.357656610301502,2.6734471215885334,27.32971317486223,Low,0
18.19469114993241,8.995633050778132,159.50280905929716,2.9540226675895793,-6.741901332441796,83.77290986226564,6.45916526405514,4.413909648420472,Medium,0
20.00941774369851,6.426485888315154,135.50916103675516,3.6072457855478604,-5.022942179301056,15.275043166761659,9.859719439503436,49.792821458908115,Medium,1
63.305744220223055,8.440366237673388,109.38577519709538,4.70639464453399,4.692580708536912,8.292715250972604,0.4905357258779386,44.864829426664734,High,1
53.27526443213827,9.856118468894179,95.01797457335361,4.4081767458770535,-8.398911903380288,64.17754044410113,8.865306707051678,1.0540330214268478,Medium,1
17.07858732859532,3.5956489403687115,184.4868567312249,2.5759611306910686,11.560853253528922,47.193736575529435,5.622825027675228,42.93247894513154,High,1
15.88747642804982,9.650219368668337,14.546989555733681,3.873263098965088,14.037491980928682,90.78906004128328,2.5209865956229995,45.97148002792038,Low,0
59.0678392021384,4.505337054121783,56.12016264758319,2.810723769137925,-3.831314483315478,36.31891960908492,9.54889710009258,17.677411128172754,Medium,1
15.093410445493546,4.4696071426323005,69.9875707141428,2.7635194502277005,1.252381714771484,28.71522634376287,4.83354303058899,35.975082752388296,Medium,0
67.53020415032493,4.063483938290551,156.48516244255757,0.5737097916909595,-9.446638724262574,50.07349061441984,3.3169025167338564,22.105187310388946,Medium,0
59.436955900954736,5.872668466128267,198.50292403239428,0.6306882900807603,6.017755618180537,45.59461857686613,1.8149762827084115,32.761624228817205,Medium,1
15.694414644932984,2.387305388606384,48.13410295143061,2.6476680751122874,0.3481514513147216,34.44280462171883,2.444522102566621,17.015870214909572,Medium,0
15.938639985963434,5.983403368222101,174.8614668274161,1.344307724895033,-3.2485383474611074,69.37412986983286,8.328490415914425,16.127961831663416,Medium,0
79.06477049508229,5.875343311690036,166.12455208635825,0.10518451230234316,-4.829072234584788,75.95618339139082,6.144100093171659,21.221694442878952,High,1
36.19895570292842,7.85711631344383,44.93147952835332,3.6141960195010614,6.350576941469011,85.29839690301367,9.132456194883162,7.278387932625058,Medium,1
35.944950294682364,8.50284965743827,79.86651603984451,0.1624329834508248,0.4054257758078611,97.28566047103429,2.3196845215778583,41.55694822176913,Medium,0
66.89596970802518,4.963972152811817,81.93457385850382,2.9763842055202727,-5.5085177742522,26.665619213250448,1.2113857384890148,17.434894768081833,Medium,1
76.30740041687011,3.7209992441634436,195.64413370531167,2.6959689706365717,7.227727037170601,71.60934824899616,0.06087530975590005,20.00747769529226,High,1
79.02007446760096,3.33401407585385,36.178380275779666,4.844073452889022,4.126807075917341,39.425823549574524,5.078620376159938,44.70273063510723,High,1
62.736472968125916,2.7516145303438475,159.83159422095642,2.421065696738208,11.466801373237404,67.70819719511081,9.983069303819882,24.83119070315857,High,1
36.338170987164105,1.5188282397912238,66.83854283462199,0.3180071818889868,-7.063102528087677,47.59816903492203,6.94965268818639,27.212695467543146,Low,0
15.845050168906813,4.08203180951242,146.17406915523208,2.7584398390323086,9.641665048611404,99.37731027679317,3.0839459196514607,47.82490623885492,Medium,0
64.40028411492058,3.4322292291770493,84.00220085913257,4.205480853080507,6.837919670431475,72.890213579075,8.768585830261717,44.33631915724946,High,1
49.08829748150635,9.697756472797666,115.671952623308,4.9842464214071995,-7.124726579297555,95.24913004343244,7.817222659879597,8.473335444421975,High,1
39.69554064728834,6.019379436250396,166.52235466522623,2.1517158684453626,7.370518246793018,83.49695494811857,0.15415166076539255,23.660751495905252,Medium,1
73.44480695663152,4.125493351274568,160.83311299677683,1.6014937124837125,1.0386822219957603,90.29010111633711,8.168604805410224,48.564811371427275,High,1
17.783823761430593,6.224208408943264,173.28463670794002,4.533266484759995,13.624619638896077,81.4419197214675,3.00526757238496,18.618314911430133,Medium,1
44.48375730036014,2.2527703121112594,11.923465068931804,0.9562106453806068,-6.459716234552517,45.91591303759114,1.496734645836011,18.578655425810002,Low,0
10.794755133719335,4.996393742819826,138.41011060794898,3.077144575164633,6.07083477039345,25.17884533468844,2.2633083973707455,9.751511589457717,Medium,0
42.80624493958884,6.636108892789575,27.997475344352573,2.0285721209047387,-0.45049886342635126,37.03201754505222,4.68579804375139,5.716155705956261,Medium,0
13.941229297728615,5.400080486132063,83.1637136036822,0.20541182477777642,13.920366764771945,2.0236232639950447,4.24867927068011,37.01523953779909,Medium,0
18.317254138765033,4.616009205888918,109.71768301093769,1.7364423715284887,-1.7506276177430884,52.39931674646672,2.8888729937422672,38.501523435075825,Medium,0
18.22683727439734,9.944635500097284,80.54789694936615,1.3261426125133728,14.054647737295005,50.50578002704087,1.722183222070327,48.45064817514999,Medium,0
55.44472114812445,8.922832859340343,103.92233516060149,3.430455769717434,12.537146277518726,52.52504648304882,7.622307896421693,38.67091054526815,High,1
62.22314154857963,6.610653623434961,199.30526175972383,4.743952488459591,-3.240419117233592,97.40312249720638,9.901097837349171,12.167624701679935,High,1
50.83581355680117,6.124396250640545,27.043462742570945,1.3402359368931887,10.088544420660693,91.14540034548394,7.777915804196905,2.0058289144257726,Medium,0
77.35207839321794,6.585944318421257,135.09120906728512,4.057329695758408,14.89010504508765,16.171277833010798,2.9593696767154123,49.27186921848301,High,1
36.24094056665928,2.8118089704018994,79.20019327712305,0.2767990846920476,-3.6834249457179413,36.888252155588916,2.4480896141213337,17.022534777180287,Low,0
29.99984603973025,4.5562396893788675,26.601959781465755,2.690605050199066,0.9194292330829917,42.39561794632619,2.1766587606593824,15.598577121621037,Medium,0
70.80193897326222,1.3551357960180939,31.747352674861908,0.3527503185494729,3.0045184141689916,36.053291785164774,1.3669507448903628,45.29776048746913,Medium,0
25.651708696361684,5.27991433738144,189.85462124912337,4.670164955653196,-2.626721604903392,79.8495963603913,5.513305496923012,29.254994927249307,Medium,1
77.4255777608428,5.887221255618969,175.9202993423524,3.831756402786951,-9.618379008849256,52.40376698675869,6.0540037195334415,10.743558692456729,High,1
10.850813228287144,3.0497476249288864,181.40839208300437,3.2897495560229615,-4.496768895061834,57.209981697162505,7.0550266066313725,44.45481213581198,Medium,0
77.89151786953474,9.676259624489624,198.3065551654773,4.119481908123321,-2.9515778914560387,85.30135589879255,6.80213370933668,49.668042752737165,High,1
13.021193836540327,9.185091498435177,41.66307800170359,3.2375989778508156,1.089992532954679,80.59281534153587,2.9233331128338245,4.333928057541536,Low,0
72.38001795886498,7.499289119103153,71.08786747281235,4.844721985871455,-5.7224380396649535,13.22115228202997,3.3031100539684655,43.11258141512436,Medium,1
46.93907763604099,5.800479658888263,133.84380598497333,3.5697897393238573,11.831358917291816,71.39145840836343,6.815145354423379,19.5257848842197,High,1
79.50753572835103,8.829722436829165,96.76050797212945,4.6232930479112335,7.622778318283403,43.543612890203555,3.4944764078362835,26.203622325335218,High,1
15.16575953147792,2.1758710944111663,83.6779066756667,2.58565946005319,-7.869988061008451,29.464890306250048,2.12623189619313,45.74079878824904,Medium,0
48.76979990809245,8.114588148473965,71.56224986711861,0.5853220649093133,6.2523112784982855,5.0018820902186345,3.7433615369673956,48.66895978875586,Medium,0
77.85117749333693,2.1233873257016347,118.75612638869045,2.6408886071150857,6.34141191014051,48.724956034545094,2.720841575779777,13.108195520439969,High,1
46.61684909191042,8.147895962944649,115.1186857280164,0.6343641403154665,13.905529341090691,35.54366807245314,0.883127212185778,10.64253854799569,Medium,0
54.05790466946838,3.481908114262213,32.29156681284802,2.962467395882025,-9.924478216095968,25.151303967640082,8.301389022766536,4.025827929575593,Medium,1
58.702408228923204,8.8938152291637,94.34796750368781,2.4124653026383145,-3.80168875485482,69.46717295969576,8.531113891570364,28.0898926331069,Medium,0
41.817874533744124,9.49637884442858,110.69435524196997,3.1128769891639085,13.194786984382887,76.9485387315587,2.1975030016687946,0.6802197725334136,Medium,1
53.92906560588444,2.3391637246460406,114.0573877462781,0.05023490527415797,13.303347884957077,24.47895190294248,0.6477219952520175,20.59491488049683,Medium,0
50.90200183461702,5.164080445588541,42.02143858247036,0.9742024582768205,8.014660484265935,4.944743667934725,7.388274373511795,3.6692008326004277,Medium,1
73.08106073436923,9.828886403464166,148.45427845045737,2.4566521595606545,9.144083026188499,84.8752700565235,2.115286258634137,20.261289146466698,Medium,1
13.181246623902052,5.35066692375832,5.039818964213927,4.752517807945674,-7.7129260517588225,0.9959741204303318,3.934354894368602,1.9966094632804632,Low,0
29.667423271456123,8.771927702630906,70.96637110863253,1.918045201775792,2.8468958694558406,93.7112493921472,0.6413525223738326,41.76086303043844,Medium,0
76.52880388535911,6.298583699181878,156.0425297071267,2.1218601302681734,-4.210425217775015,62.76198739827059,2.262695847584352,10.486949696928294,High,1
72.31846487236415,4.377969171276416,112.77858421108047,3.573480445033111,-5.469548909659569,32.18466352013203,7.929022783296357,16.4154355178956,High,1
41.895972694999905,3.5720519997328317,52.23248650217205,3.0189637864305903,10.257582478083314,24.64779095767362,8.04396446915202,43.5023998303196,High,1
53.40928184610757,2.8290078197747857,138.99062386860953,1.494630750491666,-6.624046582986314,0.9005664264475244,2.070848248877104,37.31330306661025,Medium,1
29.416682808679287,7.856183722399275,113.47818883121468,2.054081977837139,1.716290924909631,23.547141701087714,3.3591384510668956,10.951918082102925,Medium,0
23.168481180663292,4.478864561407251,159.24872189127743,1.0884989942861623,13.464455989650826,13.77283015171411,1.3423841909374357,3.5949709328748023,Medium,0
42.45888834579875,5.60147915980676,147.00503723796467,4.830107295651043,-5.354198610866437,61.216622072314564,0.7417263028492238,35.78368884276698,High,1
34.7346559618237,5.430929320010637,122.02158440724693,0.6531719077867987,14.449835593455866,16.65455885938013,9.921717144484095,19.535127534405465,Medium,1
50.85592782956105,6.195511263098181,97.6355350621628,1.8591839228320972,14.857199644026476,52.86298375366193,6.555939512448392,38.30399995591106,High,1
15.441424587548939,8.79019431062097,26.63642513350468,0.12919486110005596,3.8904288670600726,59.01164223444708,5.420965091983188,22.26473861876052,Low,0
78.20763653663165,9.826654092250864,52.26660357707675,1.1088974596677321,-5.746431495571052,29.80416983469145,7.654985004052995,17.30012064861382,Medium,0
79.0347521135722,4.668257877164352,83.81989458341705,3.9023556919007745,-2.097377801477609,3.5064949018718705,8.400771596877242,22.560270410619825,High,1
58.87131998138216,8.447670298956728,119.85985740127774,1.0058761614443972,0.6123208169133787,3.72538806141961,8.067147680447276,37.427949283533835,Medium,1
47.52674564408843,7.8807501518924585,102.74157104306096,0.400317012644828,-2.266894391044427,2.6347332193917605,0.16539449289876607,45.11101432701871,Low,0
31.666933140042943,6.1617605631001595,57.636905191905896,2.3722658992226164,-2.9841105030871056,73.91246671365462,1.8680789819049848,2.4883598294287768,Low,0
66.9656513794864,9.604424292507398,1.2928715579421102,0.049846173672592475,14.305742730408939,31.800970481429815,6.5490530211783105,26.205577061347757,Medium,0
57.93118207877155,2.804270639755625,99.24784438016279,0.42383077213166587,-6.165879314606359,79.63001859676636,3.757593478039629,1.64177145419388,Medium,0
21.383185754142392,1.9833778927865926,57.12519771244862,4.038129347814875,8.333197717921557,43.17328238428492,9.82482651061107,23.420477251217935,Medium,0
73.76490291456898,8.6856577025988,146.92166014210702,3.857366724298032,-9.989742764020628,45.29981008299638,6.654047926382541,44.26414145484502,High,1
67.57760700462183,4.952348349703735,4.789253054096698,4.57569410202448,4.904566735059421,51.28826025095737,9.565489087292065,18.079513321015483,High,1
76.48599393043469,8.622719687863544,116.96556226115817,4.272577179553748,12.898575098851309,71.3031456375104,2.014464816457938,46.62252105403216,High,1
60.8003655871852,9.037811846758734,188.29484750121307,3.4158778161990906,-2.8016476476695247,27.350286582970707,8.639570281150231,31.53042358253047,High,1
52.93906371550529,1.562118342571643,34.881853422299905,0.2616642865033142,-5.36185061855702,12.15873495335269,3.213523058152253,46.70776718965032,Medium,0
39.27701254034332,8.951182866874547,94.32989815011908,3.9142430899332874,6.291994871960674,55.60573351914615,9.895648082378068,37.85833127062598,High,1
75.29099383478093,5.0348714983248,18.284398363427634,4.227554054202802,7.815035182459829,32.697762324273924,1.576886720731473,5.171758332438115,High,1
70.62447226502859,5.59389240103809,125.13638245227052,3.995410728859772,7.200762973799533,44.24913136680374,5.163398188383265,11.557568378133853,High,1
13.165306907433258,6.639332599838892,110.10633611924511,2.5423951765401305,-2.017077999465649,64.69467083373054,7.928445338371219,19.70852272917531,Medium,0
11.845688214807641,9.33744346057078,81.47310484256647,1.1645091932474083,-3.6949399460167283,49.41257411412706,4.326424806040359,8.505344100603802,Low,0
36.35243568146347,1.1720448498678762,104.27540429474824,4.2266498784436335,13.897969999051105,62.02788171008429,4.680840601876467,24.745580238833025,High,1
66.73873315472831,5.291591214860354,179.31493169380204,3.6358140487006922,13.082487706748237,54.42000021136278,9.863557955057411,23.56840778507453,High,1
79.1093290520461,7.189498381875046,39.258860462213406,4.903805871944257,1.4329152473205076,73.97963719360992,4.253081503011533,47.81295990136906,High,1
20.529182377246972,7.5043626192840565,4.512902341069447,0.7784629887796646,11.154846653859336,70.593661771162,6.040721005990636,21.686394144798886,Low,0
51.58915007464946,7.232791883833972,172.33297693982018,1.1283229152602754,1.3080869408574007,53.41898918086192,0.545396606751507,39.28134021439989,Medium,1
36.66235996417151,2.2099161646730967,115.4234164775813,1.0589907494075135,0.6097254518127598,67.89030208597069,8.4221008021026,47.09552724257399,Medium,1
77.89400784702222,3.694560295345131,178.13169109236847,3.9626988381066837,-6.080926310017634,87.35596022726128,6.481680489795435,43.849441548699275,High,1
68.9483246194996,4.228439728753121,119.38904468263452,0.9345364822505908,0.6601514122993207,43.22712877881686,4.040201028628135,10.433381225579591,Medium,1
68.68300932977965,8.239934869115546,162.03221799194048,0.33329914911653047,3.435423464995175,41.276307274879365,0.16169539954519752,24.801494712677215,Medium,1
42.80852118564792,3.508838851730977,85.93467267102959,4.992804032928143,-9.437391814282838,76.42456208523801,5.9166882059350385,17.386989114796286,Medium,1
39.037365163636565,2.8963446748048285,149.97198625765375,0.12408605722574573,1.1028251293851605,58.2553837041994,0.12657828484162192,19.992934756860777,Medium,0
29.138495035149436,9.617032171342865,182.6082933779712,4.176220300794328,9.533905459880007,7.100678022258855,0.012036139090179088,18.040341312287563,High,1
13.946284765564897,1.07976956602122,114.42459274444126,1.826834207753264,7.001151409356746,89.21120156910814,6.160985621493547,41.317960508750204,Medium,0
70.53056633785373,9.980387701137804,36.15703011247591,4.208077298789076,5.878924721598375,3.0783102237640136,1.8901706733455426,22.60695275612237,Medium,1
66.90307063910544,7.091391689716561,53.759523006039636,2.773102456055725,12.738885710930063,74.8396356209743,1.918875497180953,26.18471661223441,High,1
79.98023713002914,8.456223695042054,39.72891537948116,4.508156147431801,-9.54919975436925,75.87941427043128,6.532715658327437,49.12236785235373,High,1
79.76457859517338,3.6515745671157385,49.371405519146585,4.630964932073133,3.926189654805854,95.31110852819305,0.5369718793937428,2.998963609575822,High,1
48.88021939218392,1.1288374990035397,61.28308987020728,0.04549090640387998,9.683721210242677,5.4134408402320755,3.1340556147455634,24.39788198953744,Medium,1
63.82911906263573,7.64082566705377,111.0267573506377,0.37706087996394133,3.533384567531681,59.685686078449095,1.4943190214201907,38.7030853473058,Medium,0
76.13360109176996,8.507301373006083,117.59832589276655,1.2517936478542775,-1.902611185490521,42.784057062705294,5.801763697965338,7.558097909411327,High,1
69.47531734741881,7.664285187581672,85.29994944837223,3.3465770818175082,-6.593735872700553,33.0632954859542,6.617651547273958,30.576579730738697,Medium,1
27.314367122023835,2.285652585707547,123.08415596416708,4.44136098255753,12.189076795404784,9.031856029907303,7.211358535990435,11.973238976723339,High,1
41.53808947170655,7.7808513003127215,16.314985122273185,2.299709756469814,1.7690598096900745,56.265411967130916,2.5523121691856545,43.370205661228376,Low,0
19.04115906060465,7.920305038968769,17.557647411631994,3.034865581371327,11.952879924642534,47.90407256746136,0.89249751636584,16.354983270003963,Medium,0
76.78357190811056,6.926864641030494,34.36589207153169,0.9424992639778057,4.646303060829208,10.455445815102426,0.7868365694189783,16.45314084504548,Medium,0
52.432224411561606,7.895043395160275,103.61549960806894,4.024834169408427,6.85480291537502,61.24895070970834,4.261515484507238,29.909693925894675,High,1
26.00499638524239,8.613292957099588,42.79893573966271,4.836640556767349,10.106528859461251,73.79531202529385,9.45844409062715,9.178145405995435,Medium,1
57.01904790840997,6.522437028137126,56.656880698515465,1.3429946645729873,6.478888615003359,76.72783010536483,2.177290342470246,14.244431945153051,Medium,0
53.26897683205271,1.7974424257271115,80.06256723459882,2.4741297580027317,-0.04862898302655738,90.53731882624274,2.5674160134154933,20.831592505970576,Medium,0
35.071390262298834,5.388650287004898,162.37322480207595,0.430580552531869,2.840834598216275,40.94707418887772,1.0088880210585893,17.68189315700552,Medium,0
17.94903145397403,1.6988440120444457,2.7724271825720237,2.795683282314842,10.076138116896997,95.3072768622137,6.055702738939303,26.24386090027912,Medium,0
57.01012369149597,4.667887279291877,129.87576404732448,2.513917209233403,-0.6587425906753952,86.5429405082686,6.798728739471748,29.982007203448312,Medium,1
46.421539063265534,4.663958402130649,133.77530620813707,0.722182420775388,-0.2969635807875731,29.650157102393905,6.4293120816076,28.33337268750823,Medium,0
64.06228742149476,1.5940885972621741,159.73115607132732,2.210331065590375,-7.6077470985499716,15.928303734945848,8.611302430447813,32.70841559959661,High,1
46.41144507783954,4.139384805725314,186.55058781206264,1.6705232604328164,12.864610880543692,43.53893961280134,4.864258350260718,15.387475830391011,Medium,1
69.65270502229781,1.9989828891218335,4.027569789857965,2.6091543765259466,-7.724092126363956,40.18987079559666,1.3445704076706444,6.321311357751402,Medium,1
48.633478714213986,8.274116890082999,30.756741102643236,2.928271677143996,6.205229436213897,57.57193053312043,2.8940513070441263,38.040377071553856,Medium,0
49.265658007477036,9.529192233680236,177.2342588111986,0.04247789303604754,0.32986197006994233,58.3386232327748,6.624299734213518,42.5390191315341,Medium,1
71.36575218608415,1.6508482773214475,91.70371243740307,3.805029914747777,0.14048475638605895,74.99869843799752,6.131219737415599,12.850311611121612,High,1
38.243800634867796,9.596036865625313,112.91812778669271,3.565071459308704,6.988795914317098,50.98899482056102,5.310031297429624,20.354597807900987,High,1
19.38106599154485,5.703189394030707,132.60544074462948,1.831431931032611,-8.322656684253031,10.482264094076555,6.829644186886872,24.928460848177764,Medium,0
12.014787341933728,3.696091101584865,135.8133208991275,0.2646796778440913,4.842644573785865,85.8291335553106,6.373908503732993,26.66634213764682,Medium,0
62.85960789715333,1.6917586774854716,186.34808066330163,3.774662698925252,9.30079464930887,30.976458318518706,8.813248894649517,32.974508554382595,High,1
53.42166859474253,5.50561841263376,199.38988348233394,4.7758758023906625,10.705318947164855,97.1297460306592,5.860163774782966,2.0801616677660673,High,1
59.28558376694565,8.150639900416738,144.03149218618805,1.200757980110071,-5.736740265155618,11.786010867977016,7.786013587005565,36.07385413670085,Medium,1
24.90749130562375,7.363778295400284,57.44424184103016,1.6176230686851896,12.435476251954341,95.82511722325032,2.4870715596646784,3.0985503489705133,Low,0
19.546003291073884,1.4520341031757638,175.95048045886873,0.9190644474090748,6.403652296186055,9.101180688251699,6.78182584589068,23.414428383643394,Medium,0
11.018126596751735,1.6561165183111317,9.844182908152321,2.8846806167241983,12.04637002051707,23.103613794705947,9.021941183826756,41.383556778459706,Medium,0
34.54112911646179,4.625859543693734,46.21617057489924,0.7742069732372747,2.1320179277549567,4.657994208654159,3.8573232789983325,22.560765663919813,Low,0
51.29423807982432,3.6576144464314897,179.47714349274298,1.7809697173068972,3.5508336274300505,70.5113146638995,7.791041873386466,7.4544874384123885,High,1
37.45708315698126,3.0914589075044305,51.23830288787099,3.4850650696713146,12.975956925716778,85.02987365717918,7.247893011954353,49.251692250297985,Medium,1
40.62324454166104,3.5290404901784225,44.130211924349695,2.800579915046742,12.497738583866795,43.40710818159804,0.5952619687182248,44.46427310371316,Medium,1
73.29110861456239,8.231344689671962,27.625058628049448,1.9323128216396763,1.2040218342250504,92.85220750424297,5.815083096240723,38.5656816612507,Medium,1
34.37788269163102,9.363052482686685,171.8223515293833,2.1012480090377093,-3.139684209107956,59.029907175559956,1.3018934920080238,20.57558014496052,Medium,0
45.979264241186755,4.645924250748098,100.01165183821735,2.8105544131161473,-0.1707391358933963,63.00071354465232,9.673191722305912,9.19228634446489,Medium,1
64.85571089188001,9.154999019192473,134.97864061083095,0.029323639435806514,-0.3058917867562566,84.54192017007699,8.114075027006562,47.070559070925064,Medium,0
37.75799476248891,3.8934613112309377,47.813276815005935,0.3925493422680493,-2.828328125430151,29.68002050518389,1.0972380124712011,26.61755632585695,Low,0
53.54606901595115,5.287932877094125,151.6080842022433,4.406290338815058,-3.2855098916758356,35.42657213276258,1.2175199764767841,42.617773019374255,Medium,1
70.36545961227216,3.0342609803439977,152.0011089924197,0.3893949454564538,11.526573411992986,90.59519191946444,5.944738549126189,17.10475028797129,High,1
76.46644365603495,6.7642843795825955,62.519604981660024,3.534017981052526,-8.253451982883458,90.09634960387638,3.448891741731833,16.76441585397353,Medium,1
20.295143665032654,9.81083003657328,82.13652660205656,4.600190820545263,6.940279552489853,97.64827762008709,0.3490585907310928,49.277024033701956,Medium,0
74.86113376130461,6.431437864390408,41.93805548604017,1.3534180215086555,-5.679498713588693,90.18383164416711,5.416415078330531,26.091652424742488,Medium,1
44.44814051556767,4.22032675702194,195.31220466458086,1.8524571852975713,-1.3873526651484192,12.73720360333609,3.878450996858469,7.034771193037315,High,1
28.077107180927083,6.830357013914755,129.12051541168233,2.8446070292235817,-8.461424146629078,82.37242861369873,1.0107649237174265,10.98373389973537,Medium,0
42.13950293667829,2.106286106188488,186.9087761431031,4.408544848192923,-3.250659078613449,40.9838478109594,8.019203922559827,24.097213969636037,High,1
78.6022802699834,8.997931722388588,60.677108725826635,4.709527936302101,9.210526777931053,99.08013559459378,9.15076765278806,2.123545524420567,High,1
44.48326657950087,5.527755557018527,156.37818259937794,3.69781624055634,12.125383113681465,47.22809643288011,7.5659393401413,23.126699268915026,High,1
33.012612720125574,5.0441476783567785,153.1717287769484,0.43309880427347014,-4.461821202440824,55.38360825022206,8.224223100162773,20.947042104006382,Medium,0
54.338059802170804,6.272783096081673,138.3311303733083,3.345770777674254,1.5886959814730461,52.97749152567985,2.164905672661174,38.966813265974345,High,1
26.810193314473516,6.623054765104622,193.12779505336007,2.05151860936331,1.7581011984301598,32.17370298582778,2.6357295091860102,17.74709822446209,Medium,0
15.310432967606474,1.6459822560386173,78.71106722126311,2.3535049974553077,11.839382643993355,7.502208889291817,2.0852754029918774,49.12743807697997,Medium,1
19.021580533745446,7.143554991010622,26.14346471795146,0.2457419517258852,9.069976321895135,89.56512304019185,7.65063431365564,9.038495965045158,Low,0
18.96320872704407,3.177385122839766,134.34177184881216,0.9553106967317909,2.8269304592012467,80.26758125262869,9.47917078934497,29.549334248406744,Medium,0
20.633188545860605,7.4255736925593085,145.86196009544125,3.9525680376682386,6.768680011794334,13.952678055966928,7.1683720673390265,4.484964850412732,High,1
19.71790208545871,8.40281314945777,115.01211469176293,2.2697941652392988,11.18387634773417,77.67682713500729,8.81466764879556,36.6931991996991,Medium,1
54.86123213622502,8.235626567972682,41.363578626679256,1.5083112081557442,-9.761526149361377,62.584666605061,6.386990948831725,49.73768440309858,Medium,0
22.73160590794014,5.972508706671002,100.89118833387107,1.9200953698247907,0.07225077625121534,40.91437879176223,3.8765990055879906,40.95693188758161,Medium,0
34.19670983267042,5.68152903079676,62.43794731382588,4.271997566628401,12.681079181926966,25.40211490955627,4.257616149303052,27.785177036015064,Medium,0
72.77518869342083,2.2858836520547055,85.49330563333781,3.7449950870247846,8.507825771098785,85.97287835022325,0.7532143216740483,24.237067869984603,High,1
43.177314818401065,7.978115353628221,129.04371516893278,1.3615769859054139,3.571034358351866,70.01882592940531,0.3145719524602608,41.751498063342346,Medium,0
56.7290416964719,3.4426844240204293,149.0429485381669,0.5875092010618665,3.241113175878336,54.773990946913685,6.954756041890774,46.79870423553621,High,1
22.06239098411409,5.470258805361519,46.44493818026862,1.2599911082203585,-1.3057475598890556,60.95685338984641,4.384288920111806,49.46032628990465,Medium,0
23.460231316606954,3.5584668363476504,81.06507212939067,4.603782255273669,3.013013341037863,9.106618208218098,5.522150680546295,19.826961378224205,Medium,1
12.86080313865352,2.2044552669972384,53.83231419832584,2.9079441892487767,6.384579986586331,47.39197609111919,5.576612476224163,49.545873739725614,Low,0
21.825454415051517,6.666019272025629,39.72632277237382,2.667401043723914,0.4590759607198269,19.3700292785702,2.773758133333014,7.796312608691575,Medium,0
29.501323732237104,1.4889883134061344,156.67744399916768,2.9819679984623075,7.85382865980435,20.838367900882538,4.758925108294907,12.67748879659546,High,1
22.39073389937228,7.7378071071358,181.85053888739847,1.8301413287325763,11.530805681509646,66.13039622868668,4.707602216677023,4.45080623669481,Medium,1
16.20917736299389,3.85828115735005,74.04643713691534,4.035535101597564,-6.1328787953784705,91.1256151834288,3.88427221227857,13.586925824224084,Medium,0
18.444510977042057,1.001212237040368,150.25578487475337,2.616431246501249,1.2886755704356108,40.375661047834654,8.206753834010705,38.39687758090056,Medium,1
42.254513762290806,5.6001622531350685,179.39905787288222,0.5837395138439777,0.20050228212702748,20.774927301219037,4.511640036875959,42.64621790892249,High,1
24.443360288405476,1.4216671767484281,169.2248421060463,0.6453256241453148,7.186620101243203,64.87469372366542,6.036445245059879,38.94463225512859,Medium,0
35.498890273365284,3.4855260203880953,36.56267770784518,2.6842957325130916,-3.7533133685517663,87.11870463503178,8.955201203808262,31.553288908384815,Medium,0
45.239208959839985,7.362788387101445,191.25837630267227,4.6828510903541956,6.006272873806907,74.83188011224908,8.662336228589226,25.69832562613228,High,1
58.32763800405557,1.5642065945967927,75.3352880858925,1.5417606083809936,11.9372310432872,86.87572305365872,8.904222037791651,35.435214460682324,High,1
12.751849788876925,8.554046431204021,67.84813223476726,4.347705844296091,0.4532899948405672,53.655467101079935,2.7000499646501397,19.54167746336109,Low,0
65.95872792363298,1.034379303927248,12.486265455556067,3.8204779328943967,12.775392499480501,75.1876244369191,0.3498248830806283,42.06541757498509,High,1
53.95302726436354,3.2214148228171204,97.2347308209766,1.2390622145345342,14.829093473336961,14.006455935893648,2.610667998953292,33.859504698839274,Medium,1
15.723132236421034,7.668136505368643,21.80272312818574,0.18170374158121227,-7.347698751301198,34.82746153631915,2.7870734562070867,34.890234924720424,Low,0
71.15050368747441,3.846431347563761,49.707964185485196,0.5092363257119137,-4.173670300378534,38.95491644815225,9.09360326724968,26.79679965645356,Medium,1
74.46106803722692,1.9170314925941216,63.388524353456276,3.642469669237201,13.75949378705233,51.12957462460346,6.492427328379707,44.26144921055863,High,1
14.275457189840463,4.242105269203851,161.7652646983368,0.9983486902032335,13.958192162034669,92.90763602568236,0.8170395960222876,12.600736683952624,Low,0
29.38143537030426,3.4335395774607296,175.0977300791793,1.8563546025269688,-7.557318115331038,87.42965602221743,1.3537859601110114,19.057382668052536,Medium,0
66.4340895855143,8.584407119444995,60.493263492293934,2.5084958300321243,-9.625037490571582,13.452549228918453,1.556761255419754,38.88212848388445,Medium,1
62.37817832685609,3.8201312582662883,171.73962424891477,3.627340842250814,-5.972499418589444,17.27896518824632,6.304217481689232,24.637444806466885,High,1
22.916471354946413,8.100392245984064,171.44618747395822,0.5661561162956269,14.900319584556208,35.76405495889114,7.354140255070031,44.460700671209544,Medium,0
24.654452633569722,9.026849303296613,152.9301900769747,2.0318320263873075,-5.500009584732829,29.07438658906739,8.59643910565396,17.319965988142616,Medium,0
35.93304719539674,4.904356776188766,29.339022803036308,2.425364545713477,2.5636901680505786,61.47709531562623,9.40636550806243,18.46650844098224,Medium,0
43.916608963371495,9.189488294689529,138.0645693801458,2.7041353198576985,11.210443160762777,90.2776047764545,2.0170455738644177,44.436789469331266,Medium,0
53.27783400712072,4.395862485668736,189.00481291611376,4.091803206976083,-9.48995973279484,96.22915416725868,3.0977248472404906,23.218516009102053,High,1
35.82395476988407,9.676705748410974,136.5080957534314,0.8583909752160845,5.112224556461487,65.36029525352265,2.403228807448307,25.806229210124336,Medium,0
42.37743012932035,1.8036057207301563,66.32336982156679,4.039157259133112,-3.074363778259392,83.81592014010867,3.5876156746613774,16.63818576678397,High,1
62.32296566936296,7.183173398529185,100.11586348616626,3.464392138483261,11.55837291099329,52.52022002307971,9.146651074237495,13.833497108954095,High,1
12.567824202341853,5.444326364112358,129.14500867021073,2.779354070994797,-2.9134712683980206,20.832694686003972,5.751125669393615,32.7974355419196,Medium,0
27.67058610408145,4.488839249100824,102.11408174570072,3.4976393520128597,7.168893007047722,52.46884120934774,7.381918973244991,5.992033077060194,Medium,0
59.934471011918674,6.694406908737408,23.990588346193963,2.060088694758282,6.855490811184922,55.508260143765106,4.90119236126782,43.96363205914546,Medium,0
72.66447863810396,7.334713824708981,62.412808930404125,0.6919879298406229,-4.462661278509,74.24575642135565,0.2885791333612453,38.96015683825539,Medium,0
45.817420948096625,1.0392694268527818,160.4792061107265,3.3288262013268364,-9.130020003291246,21.98829897073491,0.6419548599781433,9.53741318529014,Medium,0
47.247943968572095,2.5025777987247886,172.28360921910348,2.6233615334281115,0.231239344634932,36.83103820867317,5.379230312678858,34.70099729122827,Medium,1
17.502040793784325,7.417414455708868,27.460006543114048,3.1968740027138773,-2.7701712008532575,36.40274692145663,7.1878903482002565,30.131646064281743,Low,0
41.318865677641824,6.997468722203858,190.47735047974493,1.6899939051424502,10.224443740342716,95.94395957411649,2.153305275287315,9.226752536832205,Medium,1
47.28320865185162,9.694427546158096,65.76452356972186,4.534332886699179,10.009104711383632,44.394496032671896,7.21909573992304,13.660175302511623,High,1
26.972935254431075,7.849340112257047,132.462747746144,2.936849342877885,1.4255988048156372,75.50939672981465,8.106657734835125,20.44932518669172,Medium,1
28.84702616645667,9.556954369582042,150.36502919133622,0.42701242145436913,5.162805633080473,75.0811381374439,4.118974783621113,34.962136762273694,Medium,0
36.409891417323585,7.322864513813263,162.3892469275767,2.2490199535221436,5.106487899673129,26.554418480324138,7.464192328441049,31.936170440850297,Medium,1
11.404983844440846,3.6824698777549885,189.14994044518602,3.7817802737181716,10.678953710690584,57.18696893717321,4.040299503284599,26.611742383834898,Medium,1
32.54554159082248,1.9482843002577082,62.58390960576452,3.970672808661362,0.6250603530799376,89.43028933186481,6.7835062945502,38.42052715570171,Medium,1
24.801360489758125,8.03641477010442,171.7012909103109,2.472985263818794,-3.1138330052372734,47.51977194569494,7.63997049319543,37.896886980308295,Medium,0
32.924814652454025,6.797342993283243,26.337380687241406,4.473737854156505,-3.374127046486313,94.5117507342546,9.919266183081108,30.892957703112796,Medium,0
18.383349227347587,1.433674111539666,141.00818127071855,1.338342185971488,3.4048069820551037,21.44582293241616,3.4539666206359607,39.349504169241264,Medium,0
72.33690965179265,4.240454193108805,148.39554590279718,2.052993486191333,1.228705068305314,7.415910577403073,4.110407805746115,16.71316873896046,High,1
51.551471748783406,9.611198339358575,135.54464824026408,4.492984552844851,1.0030192746234046,89.14538731447493,1.6562005941017133,44.06247641613028,Medium,1
57.53716234011427,5.503610311391811,50.4629472270306,4.481283582357895,-7.721566522757319,84.76811979622167,2.040730584018069,30.74550429009704,Medium,1
65.24198670251369,4.894562224177342,174.60862940304068,3.4285638441234045,7.96509351725489,99.25898759338448,6.933950025983777,41.11817569062153,High,1
44.89095392503401,5.119296446433646,33.771692674079,4.2949027356111005,-4.656582800452233,67.93934881124261,9.170455901544761,27.313955239514197,Medium,1
16.08442016611966,2.8799445160464736,10.726958304166168,0.44386633478116333,-5.076159244781966,93.66879266671495,3.9460495166124057,10.921912249434019,Low,0
47.59745792729834,4.3183645377831565,143.49299812238243,4.324974881038882,0.31895800693483634,82.69490250841109,1.7984444683554124,27.12050643391543,Medium,1
51.07887826146154,4.32831930388459,95.09514304654674,1.6030995327511337,-4.305541459554965,84.44263331200868,2.8509949938299406,18.555583188829406,Medium,1
62.1807631929031,1.4711951816872517,169.81960399173522,0.8916575621410816,4.596456682700384,56.914157045426826,4.550517048081386,34.87495180185473,High,1
40.21616823607756,7.908108656661264,76.6794282116518,1.1968491817102316,-0.7134165166382123,38.23645979167109,2.906503293653684,23.789689586736788,Medium,0
18.93062119568946,4.7485398871349105,33.655717701542564,2.0898425400694354,1.2227930648197527,93.45580725432818,2.3357908312186626,41.805640246384385,Low,0
29.864313405910714,8.39961898134781,167.28843849397396,1.255960023022336,3.4292330401007214,43.211717561589445,7.359844887570795,33.90362561609584,Medium,0
35.41576074790446,8.653132010079059,109.78192632801434,1.602837930082495,-4.911611937954879,53.881936724966906,0.07844921240623193,34.2272216515662,Low,0
55.214206893212086,2.9079464922879223,37.83915847807098,0.6748924303582104,-6.106209428361755,44.611430712518775,5.392305273364832,10.857766674553249,Medium,0
49.95448132682383,6.916181339531157,144.07679971728916,1.4808838277949925,12.01054757184012,56.48183139601971,7.937668070297539,49.21248832456452,High,1
34.926770812849234,5.250536237466836,102.22272769790011,2.8614190727100057,0.8430925707855258,47.05050789923272,2.662282863174682,42.083760463574436,Medium,0
79.05606741550858,8.921410641293365,120.86259644806397,2.20926854045532,0.302340240813479,4.796755857947588,6.032915106120173,39.450244228034734,High,1
52.4042373549821,2.941666112588087,92.17966764131637,1.733593806179556,-9.109696243178963,88.20481860076987,6.689001056186178,16.510761258001374,Medium,0
26.605875421519613,7.100318802790398,165.7417967636013,3.73226064428557,2.449407564684831,44.43938189157698,6.5502469640509,26.781582642361595,Medium,1
17.124773083428263,6.469769100274503,165.91254313660997,4.467549856966589,3.8542430402750023,58.894364850734874,4.458496341987177,6.855159403716432,Medium,1
20.700139742903243,3.6577132981464953,141.87776436487724,3.783946114511985,3.9710217738666627,13.918780275798703,3.4657798787577923,26.923798833135297,Medium,1
27.21704098691557,2.2294081328605535,21.080275479292453,1.660003510588396,7.675779233072109,0.3387847982639136,8.359240730278135,7.294462324164364,Medium,0
21.247696128168897,6.8647578442954895,167.77077238081378,3.7222108391877686,-5.562954125224706,24.529009364364295,7.584459569998643,27.65189219948006,Medium,1
23.059691683591403,7.647377123190976,134.20259610658195,0.759900912370256,-3.6944216442345295,70.45860321333502,3.212551734139125,32.43609400774528,Low,0
29.956661808569297,3.84064609387015,139.4048332008599,0.6515899404564546,10.268261630760318,9.91945301128786,1.0301919444220609,19.50979836249512,Medium,0
22.136151670632838,6.803493436200824,72.59656808077433,1.7281351851807947,13.67926542108485,90.88874403864679,0.7180754544546919,24.927243916564663,Medium,0
72.77357972384976,4.556178168503529,175.85591123140134,4.038511845220285,-6.601681315816984,21.50225693561846,0.9427597789893605,43.78266938372929,High,1
15.616362196314954,7.41886194954356,145.0743200469715,1.2317412362115094,2.441238862630455,20.45936142917758,5.8286936119204285,5.4281572351404686,Medium,0
46.71579726991783,2.792937474046478,22.518093305838892,0.31626704449339793,-4.645593681510329,18.15079616214955,0.5166217582898969,39.586644649982645,Low,0
38.727777889276304,9.01193502372557,81.55560688123253,0.6585476760317754,-8.498170791125439,1.3981712971364746,3.369268749640384,8.537727549809821,Medium,0
78.76650318360245,3.5866863681902177,177.27607239202834,4.293724842647901,-1.8624165468466147,77.18054684782346,7.531997019142294,1.8353991402314196,High,1
17.842723151763664,4.310073889805376,9.439340339475798,3.1689164237364382,-6.4078093703946815,87.50345312452585,2.943481665153781,9.278730137252388,Low,0
37.84989193320192,1.522827568723148,192.2833239284099,1.2660058168498833,7.748326835856157,61.416270261619886,7.633080771801298,38.252159498524485,High,1
77.86293032927583,2.0036099108914875,135.83251366391255,2.776479126640907,3.3431353417861107,18.819998167986228,7.454670382070553,20.256303666843,High,1
70.58549881257862,5.642757124410953,126.27519552867533,2.637898112126752,-6.404138225242228,28.527799694087975,2.458271326332163,43.6260258423091,Medium,1
67.1950449664496,3.4083340905517434,54.11185129759828,3.277179892203306,-9.768960289862141,47.592669736496326,7.288221800927454,26.23537705911329,Medium,1
28.05319789314579,8.51932203167975,49.75835774783541,1.1659377721080815,10.203926225605318,95.43459516233008,7.477766382721008,1.112517596316548,Medium,0
21.962131117304608,1.1322404978945846,188.4116438977191,4.322014935971988,-5.5951398458938115,24.73513718177428,3.9745392566702686,35.835680480096336,Medium,1
56.80502539471017,4.411846438047426,59.65449084682455,1.5468428104000642,5.15541605551915,73.16459039198881,2.1042048374151823,5.511645436061635,Medium,1
75.05631923893101,4.0361099209218345,155.10105934379988,3.4706582698811843,-1.5769521730813607,43.94482232929203,5.212708068918691,39.46898167309622,High,1
48.973402510975085,1.1739486782584092,78.62435964141584,0.08062323186107445,4.63714845787589,29.78473483600218,9.213975880001964,8.405127490259002,Medium,0
50.012888262892986,2.119315591004592,27.850814156940796,1.8632856494707362,-2.1086593254418995,45.59159370221138,6.396167324320619,17.27231929027567,Medium,0
29.59853655621989,4.722784074267717,2.14305953907179,1.7585490897940415,-7.826510982693645,7.120671754123253,1.729224976272612,38.06357148126801,Low,0
63.86450532343558,5.43578126002702,108.85146740305017,2.7174221429150727,-4.42624978605616,79.86873709303624,6.827569247335199,47.71156787382108,High,1
23.093062399026635,4.638607725293822,195.15576370978653,0.3636813088859825,-5.29853583802311,24.330192798296714,4.272030272818346,18.571697532336618,Low,0
32.657546548297056,5.778439105708845,73.8272387618409,3.9506568686305417,0.700483810991096,72.54121231929705,5.91528797355373,41.47001100994679,Medium,0
39.780550703149174,6.356185074151134,71.43846679860897,1.0889040088378428,6.457094585653934,6.834837144819472,7.340640350231079,9.539613273791936,Medium,1
45.53272650791185,1.0893143901505207,68.81832356988842,3.385189074410051,-3.4048481263410615,95.5098556165686,5.149473515144448,40.358988510124554,Medium,1
26.968681269055615,5.176856435081535,104.10876746097169,4.016060616220466,-9.698251617484551,19.30149854056986,8.139839745733086,32.87470296281255,Medium,0
18.038577731744248,9.671493167988295,88.1329766848587,2.809384781207566,2.9734341066189223,88.27420762070804,7.221555793166278,9.637175360618421,Medium,0
52.74340297091428,5.671290521165939,175.9829253454029,3.7044160336099274,5.143987233974301,80.94732096154344,6.150733400185107,15.125198017570579,High,1
30.204138726817902,7.097880407130579,101.10415834469806,3.309301561075028,14.071762350045242,96.7859924081416,1.507928158323515,6.5885444298518,High,1
50.68667549958286,3.8067747212519487,101.55156763771376,1.7776489857600382,4.736770077331171,47.78906609457496,8.359491109115684,19.148350553215664,Medium,1
20.80539006919416,7.965922403374863,27.67431894411132,4.044292695167827,1.779313984453546,72.73972938459515,9.35905585319816,10.18243205616387,Medium,0
43.67980712983722,7.956293336885036,196.54790818207718,1.4735068494276398,4.335040647442596,37.0710657037784,1.3696512380929482,32.19989768152367,Medium,0
47.28126027861101,5.69166442888725,49.99457817376594,2.8560645887575857,13.197515746550676,18.436823801969382,4.882411294334306,49.725255211027935,Medium,1
13.627647577569883,9.784124409512922,14.672813491920532,3.7269886957076976,10.709453640041156,44.30759329334488,2.5888874197050447,0.600458154213207,Low,0
33.56229947357444,2.1299519328638805,132.62924979504177,1.8947795490625379,-1.9255316659048,16.574901538845488,7.545233074255647,27.045990664364933,Medium,1
19.409027385728198,1.152528984006229,119.07327403137454,1.5138380380871252,-4.0686409085715685,98.20446227863839,7.216296360047,28.683329877450486,Medium,0
14.436247933093743,7.931423905813864,83.02913079854915,2.2967300508641135,-3.4341596908481593,9.624649114071637,1.408851205703987,45.71043948404059,Low,0
79.29721626729616,8.264399836283943,84.4384467761356,4.089817471745768,2.6105259928803255,58.92117234526204,8.770272712616372,25.300266738346878,High,1
32.56476914823061,2.0818650620851864,157.01278420928622,4.649608815728324,8.601236280714446,62.64638552540559,1.8097306397800228,27.185070982245875,Medium,1
66.69121120982444,3.390245496627455,39.14252801992981,2.725417064299451,2.580480179574052,53.80795428740542,7.972590256481075,23.58264006641943,High,1
27.82484583346347,1.1579712702996603,164.05066378897794,3.307331026618259,-8.305090104297186,66.21858857118336,4.569803596280049,13.445215228074069,Medium,1
57.705190555675046,3.639777497025082,129.74942277900362,4.516368111194571,8.089517510999523,11.618077501189095,3.2827229355815124,2.801456662445684,High,1
63.21595019227806,7.958276865268044,83.79395475590488,0.49273425706471197,10.149253216773847,55.501852420529104,1.582392626742135,20.432884110491806,Medium,0
51.6947118425491,5.6616447494132105,91.60572331677372,1.1603928893308253,-2.762553372007009,28.721257112736154,1.676142561466294,2.6295735620339267,Medium,0
43.010333198511084,4.132860338514593,51.32944143721916,3.544500031257912,6.60314348208376,94.01760633010566,6.618905547009003,27.52462347329589,Medium,1
38.8288639903088,4.345653654156973,150.42286653939496,4.118722309561498,0.6647975263598344,76.20716534397258,5.504303879471205,15.364682162114656,High,1
34.420778658009674,1.0121826314392135,102.57494846105355,4.285145141652889,12.227983893186071,97.25144821597426,1.220854216512327,26.68012007627139,High,1
75.06704009734781,3.698204748087123,64.17090854996871,2.0755358842746627,11.130638954018496,3.7556069740189546,1.126978604383252,6.714848219759334,High,1
68.14335854514104,6.8181286747413745,119.21002315219005,0.4466995114593342,3.1357999577410567,28.51331751807087,0.7231057477279146,46.63149828696798,Medium,1
77.55188374665588,9.767749994347215,199.1468904102646,2.1889073864980997,7.287638645339862,19.5422586638349,7.437673473735441,44.72606217749674,High,1
18.70080564398813,8.623547442855095,87.05245593131077,1.153672951035269,12.0837425255526,1.11545873118305,7.118820852292892,9.499825460114225,Medium,0
61.1607232642551,1.2123546818097621,184.13828015572392,1.4559822749831208,2.3929252519568878,24.232573024632142,0.5843099085457515,17.172214164700495,Medium,1
75.68383197747265,9.087045442073554,69.00336798491323,3.861337784187529,-2.1687314877794512,67.8775983520429,5.60270075596973,30.67463859259898,Medium,1
22.68631463159621,8.048785719687633,10.946541384997177,0.37763543012943435,8.841653447739532,23.108892213456855,0.846761552426899,4.784310365295314,Low,0
14.654738715674425,8.023385112138824,40.84842127368577,4.13790608740351,-4.498343630382705,50.90034454826182,9.037457706089416,17.728391055807542,Medium,0
61.878445450304135,5.121961831032143,83.73902866553684,2.1383454291208452,-0.2867212998489488,88.78181149649987,9.071174191801324,12.555614340950305,Medium,1
50.21311792259383,4.582047636590525,43.926985718913805,2.980319655502975,11.643180927669842,69.37579203490752,6.982329898131301,45.77583643583483,Medium,1
68.92801437307904,3.7262415594987335,0.0454076436511075,0.448261156178395,8.110558506732877,39.462906990603194,9.2618892143945,42.62553181446026,Medium,1
19.784066363840264,1.591253730589292,183.00030754950544,1.686795391786398,0.0952751311874811,37.24689389121083,8.114530304136906,28.99163706334319,Medium,1
65.66871183019231,3.0541182714432917,168.7758822461858,0.4485045950742289,-4.631387439791065,45.573581400848475,8.285385759270493,26.01731684357871,Medium,1
24.113912403342116,3.2194327148022217,148.45844629738943,4.807718614405548,-1.1007902291940868,17.704144105990636,5.6970785056993325,46.53628972726986,Medium,0
21.455916000599316,5.356693627391814,33.562919129205724,4.036308246631252,-2.897396269314175,63.40007674159881,3.0605919821617587,46.621389148940764,Low,0
21.498605855169505,7.726999659370246,24.072715241997212,2.298163771782301,-5.597767801403652,36.41528191046055,2.177991151164216,48.46650626758302,Low,0
67.02023041619675,5.26428845558152,13.52094989447663,1.1180127416183554,8.583322839141417,85.23653492620437,3.272000220389292,6.268944205409382,Medium,1
56.56380544873401,1.5206000450244455,144.80583775458425,4.667275526249261,-3.698252828745712,75.65526600578163,6.284954300890621,8.02789053815851,High,1
46.614579733838355,9.620108208893836,185.76159213757705,1.722982978634859,1.3541867541940955,61.05131640921601,1.7265653583239893,33.83683493399433,Medium,1
35.118133888645175,9.48451887184701,86.10716418260739,0.8049221584368738,-0.35351382909727336,36.420222264951605,2.586402366373216,27.071723830492246,Medium,0
71.40403785691758,8.066705888335676,23.82813439920963,2.8158219422697743,14.55193446589077,20.99318316734844,4.680608627954644,0.9232952446617981,High,1
37.47115751958448,9.921951114077984,102.47856414642132,4.71887060172408,-0.22269389629448688,77.61518641056229,2.3305009852461556,3.098751799475968,Medium,0
67.1619607630104,5.900340995202367,69.76638149172602,0.019151452501612876,-8.00043793008113,48.64090989910865,5.886436697160616,44.404019112940254,Medium,0
40.73944359991529,9.664915152278855,74.96498486999954,1.1906242162699936,-7.754356185697899,22.47500381773575,9.231760284563299,43.44353977696932,Low,0
36.38611005974353,1.680445365550757,124.26612483114145,4.692238202052038,4.76884303382662,19.51746150400062,7.480893657031265,17.863546099802257,High,1
42.38758499687245,4.291126734352342,143.74362265244048,0.8554298342858102,4.984088793456641,16.540090450135903,6.66426614148913,44.552530846526736,Medium,1
31.096451191489944,3.0284314120608924,22.12071977463217,0.5662172581990993,0.46897476206637423,77.7161196205595,5.827214759837788,29.68375371989509,Low,0
62.33265661233758,2.7624977572084304,7.118046161295277,2.8509360789990223,0.796092307800742,22.89871853003117,4.879479092570649,40.295282350945094,Medium,0
45.19042730647354,2.267226540034085,198.86606053714297,4.309219116474149,-8.651685428978219,52.66422635251975,1.8656385963465971,21.371553558010714,Medium,1
26.25488866027721,6.60172277409397,46.54566978311037,2.385549088469631,2.9136627597315563,45.15463609730565,8.947104554268655,5.6699163672454365,Medium,0
72.9702201292198,8.031896701725746,10.766104981691814,4.972821283422624,2.6184868845087923,57.96108992282839,2.485360020128363,21.686353132300813,High,1
36.8723854961248,6.204685594783246,37.975065819183996,3.3958584976899644,-6.2612670360763865,87.71549003711942,0.9130887757816075,22.864989899844897,Low,0
48.0487002779792,2.322664386293887,7.791569269692844,0.3703745360522387,-7.40401534722681,86.77473900817306,7.500151792286952,27.54720969203015,Low,0
73.45304776751829,8.300113929401238,78.36217892343433,4.9641606584098765,-6.910687735012738,45.107607182485964,1.756155343311664,5.2791356452214,High,1
53.69665971397944,6.723592364473556,160.48035689026486,2.039471183900952,-7.474293837718537,1.5366250734723308,3.71895999541176,49.570093152480574,Medium,1
18.182862849585486,4.49349135514296,68.24888995154413,1.4370126692274128,5.242704888418995,42.64438057143032,0.2828492829097973,12.206841040345317,Low,0
75.78824865294325,7.067172659824567,88.83668137567331,2.789395917889428,-5.087933689927034,60.61935374241404,1.3706794254044807,9.927620176854646,Medium,1
53.93956371499925,3.3391448131854955,135.11735471348777,1.5215379591043217,-3.7142461953134136,55.77647590980618,1.7320363075991208,26.340145942796827,Medium,1
33.44339302599603,4.106729876447894,101.77881401397603,0.4322875356007616,-5.660696396214007,65.13361058002054,0.5441012775017795,26.86040896974443,Low,0
19.749045086437107,9.257372588187913,172.28913720426485,0.007141715395883597,13.945882611212577,15.407573247308349,6.566569566228452,21.991036891662212,Medium,0
65.58176324892072,3.6145405510427837,173.2071350091513,2.2479167646013116,11.365436578795885,64.65350987807325,8.370077958031173,38.594607316262724,High,1
53.40509291499595,5.229894413421429,1.9821390982307285,4.184317111132962,-4.237629066211978,18.265161874377224,3.7331540636594096,25.832720036430135,Medium,0
47.34227643834251,9.011270236564132,155.60926129663983,2.8615759281503825,-1.8108426519468501,75.0523980696749,8.745764767182006,30.484772757249207,Medium,1
72.57248081356704,7.369492152407747,92.14672004833477,4.996036494717204,-4.752678942375071,33.908761326268,2.1334657456012653,36.18731927038928,High,1
65.20180478571716,1.5598290354823248,197.76810826073262,1.4342332282359997,2.2968989865205938,70.98954333814535,3.253904235612395,1.2512550781933307,High,1
20.617241581292582,2.325727398510733,96.64641517508703,1.4022753238002768,-9.50973668814366,4.786559890610709,1.5073699303116839,28.53220912725224,Low,0
31.820544745688377,1.0705743169472512,197.3791890776595,0.798747301169721,6.7842002224198925,40.78600255909134,6.205591954189986,44.209723561418464,High,1
27.3942397870126,6.678296112062471,150.91387224114732,0.8203179413266759,3.0789537454410407,70.50345222633328,4.198695908703068,0.8694371462716954,Medium,0
62.076240480087385,5.029060828693765,49.720976922661265,1.4259329800502392,12.46597320752758,22.687051633149412,6.132833468418987,20.259105190048054,High,1
12.347270431504556,2.2084736581204796,107.67899585739154,3.9642002263676357,-5.890182891789647,79.52870447972225,7.616749053941836,46.3113725102915,Medium,0
49.89227794099216,9.621407089510933,198.42712789571655,4.52878395318224,10.10273115152829,63.0779733104932,5.457030160329484,17.65772011412689,High,1
63.37210800184834,5.766937515510579,171.50612155038473,4.875435848538406,9.799025361667894,58.75617721497983,6.276303549017879,22.936441210012042,High,1
71.37359457332246,3.1770396470160027,19.47337875824422,1.1614482704822633,-6.820470269577827,35.35488542043371,9.352503143943329,49.07706965221564,Medium,1
33.945722410113525,5.505432140392368,141.2743993619992,4.406487728070458,-0.03601939639681029,48.24514703811176,2.990643096088431,9.96619294752869,High,1
67.4880113270409,7.11658299461597,69.1159171741626,1.6412754463866852,-5.746183971387078,59.73493009778531,3.5916393863395313,3.262759456250297,Medium,0
17.744221586864505,1.6861529617620803,1.3964523760696235,0.5642027225844221,-3.6319874885612773,47.24621139148905,7.177033617093369,42.97112954306522,Low,0
69.25166042141628,3.472334335431028,80.69619380539991,4.350124627600828,-3.418845629236391,69.831332394056,6.113055170553867,43.42326706061843,High,1
18.92420636323877,8.262689417955942,46.95088434499426,3.180528173218093,3.9059098506443184,43.36969331069596,1.7853290453971482,23.60389173400066,Medium,0
37.81011033922571,5.136983833623951,163.7738541040943,0.8236544804053086,0.2852732940116376,20.227318174203035,3.7614731001049018,25.710358723864314,Medium,0
65.81067560456876,5.919194278290654,67.46612176915309,2.1491562875650128,13.693320100157633,21.393378280104724,4.67838013124715,41.790318480891806,High,1
20.494219914414163,4.895344019885223,165.5047387907634,1.4362884743853384,-6.840746451324872,0.5803768842941093,4.193898379683894,36.92797490578975,Medium,0
26.047597666284904,1.395099483787046,0.1195877669590617,3.683972843550985,14.34230337125497,30.095771555867245,1.782748083220408,13.257450110850533,Medium,0
60.55767978751464,2.4917480183814034,61.56383000522383,2.26708115312134,-4.234033994643402,74.89176404785196,9.244300917842622,0.8446677535759228,Medium,1
60.402557558225205,5.009874748677018,48.23304286155239,4.946399725531925,9.321848409546327,79.41627088376096,7.6231876169397585,23.985008126677286,High,1
54.88033430197081,2.8826691886713505,46.7134722137222,0.2737249112979756,-1.525751845679465,20.246754209575002,4.813558321078522,42.94561630478207,Medium,0
58.576391112697,1.4498112579371085,13.63732395309254,1.7750763306812334,-6.422965114567153,95.90439968714077,6.800610283068366,44.79173383450811,Medium,0
47.99071103433173,8.592846976466413,37.424854082100346,2.409500835549887,11.447229631155999,50.24027934801267,8.972826721355219,47.81130985380769,Medium,0
27.625934123486694,9.830732762477043,111.10991397712398,2.515667773741599,-2.27847751908842,91.69787490185027,1.3617414236157122,43.978161880639064,Medium,0
34.19871954527436,8.138285865970655,58.2722145675489,1.5796791119281839,6.471385105671055,70.67652818616311,2.503730507069777,29.002177764904918,Low,0
22.7118401760998,8.684064295342003,83.47895646582958,3.6462012454878403,4.161092127165665,72.2433423022413,5.42701247256645,22.230279961805046,Medium,0
73.59153929335399,3.1777941728534085,75.3733760694377,4.373735367444874,1.793907734771858,8.504362130607113,7.990103713523586,38.742492326704955,High,1
50.837425633628435,9.645642779618798,175.1809849999789,4.693596509889315,2.3954868162134773,21.999112689693067,0.3625489544152738,36.99108171827982,Medium,1
38.05959917345479,2.7723313400808554,181.0597998021031,4.025466883997631,8.305947852307188,0.8814833294472635,9.840181501963606,26.907171504072718,High,1
42.340406255089285,9.562868293256491,98.59139433117201,4.252900986532997,-7.805677146913986,71.61276404767375,4.5490660288239715,4.366368627923456,Medium,1
76.30983377282708,9.95337364569356,66.03119006312087,2.7527265030999777,6.704516548947629,34.443828842851,3.59231140621723,46.30406733934594,High,1
20.734598218125615,7.405505251714438,21.360140800472728,4.1294411321340725,12.395302534964468,78.66525160763467,2.9272443783977184,22.780126875083106,Medium,0
51.036088241175804,9.830293586126396,190.680575876419,1.517519545739761,-8.555295074503396,33.893621993702624,1.7435670765087163,18.166689095813215,Medium,1
45.41220752191262,6.125858016103933,12.04538898005949,1.992393810546072,-6.483666519158332,81.93337522988611,7.915739089300279,31.478369758438586,Medium,0
52.801796480425345,3.335876048584813,59.53005551365609,1.5845650690927215,7.915798417550785,13.0698253748313,9.554141647460966,33.69189805834885,High,1
11.267712867458835,4.932962970990587,59.61324023400083,2.336936677239627,0.9320412061154393,17.33731567575082,4.136447548453982,10.534395851515072,Low,0
71.0486736260906,6.342048418409074,64.08025722804298,1.4278980811931818,0.08871552034220909,34.08765395839365,9.524206947534562,41.84694224049781,High,1
75.24827977385287,1.6577340582431348,32.85736865448185,4.808057211272234,-6.5758341363941035,40.84873888822733,8.237976154350342,14.496854683118892,Medium,1
49.55932285124462,6.601089381555215,156.63228618473943,1.5642231400283406,2.669251017944702,34.87028108429784,4.810511274763183,9.334196295715834,Medium,1
58.76555767138246,9.83060053086065,24.499572393197845,0.49022269055469914,-6.836367220090569,76.36470325232199,6.740261791261327,20.31999264272487,Medium,0
74.5749566824107,2.7109688480535485,126.98133183063256,2.634085830252067,1.91551140776351,9.695139262671471,4.3498417917046295,36.52800404487326,High,1
59.5067044019379,8.13335604659545,24.76920534116349,0.2854953922258818,9.090382474041418,35.12170196384881,5.587234082125524,48.27290892199017,Medium,0
20.677733003998295,9.171089144016575,14.107127518591312,0.5527158315429026,-3.5433910528209123,83.72399995154593,0.5804633701850381,40.46406321857166,Low,0
50.340185211676925,9.493314335381987,181.8859007371753,1.0969469459812315,2.0196542044931824,6.679707726217199,6.962634753005331,47.017418883509585,Medium,1
52.470053246799914,9.641220439649025,38.02575326374114,2.3217512494107084,14.800399234920892,94.23435076713574,0.5282464448413671,7.03029020382634,Medium,0
39.68914699116702,5.693136748493248,164.25003091194085,2.1662546615451395,7.1662605838509315,98.63168422720129,8.170849469196495,3.5588399431838393,High,1
61.5510964937306,9.795771171923533,108.92617422142716,3.998459310013956,11.033919282629965,8.856817382508009,8.249469294605575,27.88523809533356,High,1
75.40569103383103,7.81579186420995,15.57130392175392,3.697373269420567,0.3711901640136439,29.127252225573695,2.370772875562146,14.514874152201717,Medium,1
74.78979590347434,2.455042926132657,191.0896382876135,2.1315914699535066,9.196523078146383,37.24006660353562,3.2366278103580024,41.40274864846364,High,1
41.55875599828925,5.29210095821173,49.39223339837851,1.6685210378781496,-8.987270676466954,77.6391368652726,4.813103785582933,33.599393570116305,Low,0
17.92666320885287,7.464980578348036,171.9290690705213,1.582343920307493,-6.927220436443876,59.59268121167338,5.9666290693248145,48.536408199289724,Medium,0
78.93888392736342,3.22606284237175,33.76200115691284,3.869975436470045,-4.923235176998447,64.43657004925673,2.8735366174199672,12.73961778656521,Medium,1
68.72286605121539,6.765536651939986,170.78857642837056,0.2603620311063487,0.04879811538048895,75.7509822818506,5.92486404631925,24.289205717761618,High,1
18.72638768422868,6.999404311419573,2.645762581058797,0.06410824755302913,11.14362195814408,11.797899943702571,2.9778707322929887,25.062023871267662,Low,0
74.45893178321606,2.464297694277093,102.35609131389613,3.9777219596332403,-1.3433487303017377,83.32094569102624,0.5549072107106068,11.95883974286881,High,1
70.89274534434898,6.085767812074806,153.88851588431137,2.3857318799452463,6.365529837886572,70.5619804180144,0.025275498319089484,29.50466997440039,Medium,1
46.318663998825045,7.944642198807469,186.95910349855666,0.6544056927678799,7.7328573700870855,57.73417251963703,1.011510579184286,22.164299303961975,Medium,1
51.38928050214505,5.490060980823477,181.84042724129742,1.1778296729725062,4.6545588522085355,88.97353347830567,7.922507001640183,22.33607779949368,Medium,0
37.93018927090912,1.1089280509849668,163.92497390952897,4.662519765486913,-1.068950795746595,70.03063538838072,9.614313123833371,18.13683239862418,High,1
13.833314717542194,1.0813462217136296,177.6382699322608,4.29751487812449,4.426333542838607,20.16999626310254,4.269661992812193,0.846467621276753,High,1
33.46380691521306,4.21326409573011,39.8439371674153,3.548925251119863,-1.4433601802563445,42.97453810756667,5.126839534499428,26.10476184573945,Medium,0
66.1997414018608,9.335746615886038,56.83685914234575,2.411126151686633,-7.903156536199698,49.404286693573326,1.4684816907342613,16.762391785016558,Medium,1
10.3242416103222,3.058091016432479,57.7937049842117,2.6016181309569286,14.82009945465036,5.521762675040565,5.51031352680157,0.06599344921648376,Medium,0
33.344942018380095,6.709273199845184,75.41078620033976,4.876222676419793,-6.820438659187228,95.46375133600557,1.4465490200697684,15.397185383096602,Medium,0
37.87180855136603,2.998682836239885,78.66413407703774,4.828852219421435,-8.191290404098567,12.857726079687847,6.112143311988301,13.93141665448785,Medium,1
47.6176922056546,3.8950299069359375,108.9110649309351,1.0763452289291715,11.963268730178898,69.74612672267268,9.332586675808539,19.67240766118179,High,1
74.38989314889324,8.632378806413357,31.975952673288276,4.0555228315265905,-2.454133477677622,50.62310360908802,1.956985393030396,6.592599482169847,High,1
34.24421960561729,7.559752980429522,138.24933275719786,0.986213330835084,6.25742435183769,2.5632249884422587,7.64563718057102,25.384191231754222,Medium,1
34.28672413273594,1.8585934958188957,33.5133078609013,1.067687389419757,-1.7748567584441788,92.47474758643617,0.23502422818324042,34.6220176259065,Low,0
61.62508736768238,4.858318188877902,62.061696420909506,3.380465170822884,-0.21364323013822129,85.18368088189332,3.75497241321621,31.509278452728623,Medium,1
41.6552558622865,1.26252787280738,100.66902612123081,2.025005492937742,-3.4471756995800873,52.425792790383554,1.1074850783050905,40.187747378459534,Medium,0
25.72233760579874,5.328011319427081,159.28811230469546,4.657722035532601,-1.423899855174745,22.894233613944525,3.5247544159569943,22.600414399354058,Medium,1
41.67076612928854,6.9619061053096125,147.89384664774545,0.44504867448004415,0.2675100146635778,12.162289068009425,1.7353691963888351,25.95458651698641,Medium,0
19.85999142658599,2.066523612383364,129.10687128210446,2.5576282040474654,8.010401727308572,36.33924794321266,3.733049901228874,40.52009704294917,Medium,0
22.34708905543563,3.5999644501824912,31.154652116034033,4.592607652215606,2.788404855869795,25.54282810460905,4.175228061075304,21.385058540961925,Medium,0
44.885744091763584,4.580529629519412,109.40906912311554,4.520568302397526,13.589130428924424,50.66912010062987,3.0059112278091837,35.07996749497985,High,1
39.32478146531835,9.275779221904447,17.48930035997709,0.7826460670787061,-8.952990154030612,96.6409296123429,6.566219494731291,21.73011843589959,Low,0
74.039213074767,9.939295138806676,75.47263535933016,1.8331885004822823,2.576708065800704,57.49534932296414,9.188520512589097,20.886809725578132,Medium,1
35.367572938164315,1.4042016909605426,82.70330605799184,3.095607000233481,4.605619720792953,88.99310558900979,4.005953741052723,38.01028122645801,Medium,1
50.64118451946304,7.849071311458529,7.962287889150765,0.7969744238570109,13.004924651856848,65.08788374957773,1.9234315647502143,8.741845773310558,Medium,0
54.25850015436713,4.345516597621089,54.797619893994366,4.840110860228694,-8.77103690946431,47.52465265872004,2.7072275819598337,16.929298597078677,Medium,1
10.916611961183355,4.5321236760653205,191.12989345329788,4.573746643638302,4.3374896233804,85.46075627333713,8.54000823496369,11.208613837345089,Medium,1
56.44761604116974,7.788384760123204,190.7265215659379,0.8347508951723459,11.340748213198927,47.13681101729975,5.716397232701479,17.955497148379855,High,1
22.4625176808826,9.265837889308678,70.46541085050787,0.6057773063049271,-3.9518067970190858,86.8628170510361,4.550110323069573,11.5187411183012,Low,0
77.27492222286186,9.558357350522936,8.620021789664811,0.4270424140413265,11.907308713098436,29.157676957576527,1.496367215089267,28.970281554332733,Medium,0
20.406390942717906,6.194103274344887,35.81898786563631,4.5472183201831555,-9.523914768142705,12.881307376298812,4.497273083237819,39.90854013089226,Medium,0
39.02368866089166,4.214090433704525,78.44355868670803,0.9681190489773039,8.311365728343244,85.53144643629383,2.784920033573867,39.330653060895095,Medium,0
15.97447676550507,8.087941772729014,189.55593959384595,2.0814246427217737,13.327830529216326,58.74151637926668,9.431631278533493,18.225048227439622,Medium,1
79.78119762921631,3.2590124493607022,28.239812707436982,2.2442568282600153,6.429941541001555,88.90923982489602,8.840701094157312,49.438020294713084,High,1
45.15365072318698,6.07666625950166,152.70316873364246,2.9950552210678376,0.975731099511199,93.78272069923833,0.8390254182819801,29.692718235290037,Medium,1
51.67695121240307,4.227206153723858,21.736507874938415,0.3586767187371248,-8.877974588182049,5.3628390371449175,5.166534892612429,19.97001508891474,Medium,0
14.695353417189924,6.909679663370885,196.25151547825536,1.1337930870025796,13.00284533306572,50.09693018588683,2.250583455146721,41.77696396207127,Medium,0
62.49723292794245,3.163590216041562,76.32329982182699,4.65745193459463,1.7574055672893696,37.49645490745293,4.107770895242906,36.49370063213204,Medium,1
24.693391516691005,2.7243365116134317,155.0469077798112,4.542050536342847,-9.275081391601299,62.585839707011715,8.768479982514565,37.46376684120522,Medium,0
72.86380026084996,9.264151780078933,68.51821656222637,3.906453237028461,7.245526783219048,79.35911972023236,5.275145198885448,9.80696748669358,High,1
24.359774833740502,1.916233146545832,125.53377543176174,0.09700622809107717,2.0459313394064544,28.059021597436896,3.3421529337075984,23.416215368427757,Low,0
23.34814044645666,5.5536211696143845,38.40321694800735,1.6350338424805106,-6.8913670639397315,55.679838437317166,2.0788835410499704,43.091406541230135,Low,0
12.558476749366642,2.9876750466670803,29.204203859392507,3.139793676714539,-4.64320476724351,70.87285799048996,8.003248594064893,25.201900381437863,Low,0
43.04468615769995,1.350369669931007,187.61282791362626,1.3759510588673785,-8.387732988603844,13.443108283573402,6.245180153643472,34.172637171052514,Medium,0
49.538879328383146,1.3241693646228376,183.5294555808867,4.547933475268887,4.357338492714339,81.40669059512669,4.680654604262312,29.396686651713228,High,1
14.599604759984665,2.576995948952446,177.49378804257648,3.1694473091622095,5.550736981300231,60.610959985297306,2.1748435386297804,42.117839385919105,Medium,1
64.28693316865073,8.800933190554002,125.08669003331869,0.359533586582228,2.6435574588861095,94.95374371136518,3.342463741571313,14.22804198808013,High,1
41.73021843236193,3.54230869579324,161.65364224325566,4.545027944178515,10.427553325065373,33.95289191306933,9.598434267385185,28.773763894318243,High,1
46.707318852930605,9.554132535177661,13.807387382274982,4.788833290881112,11.52522053270034,10.814594233719866,5.200899376058343,6.161733400490199,High,1
40.85339228567597,6.234600636902742,66.95780837813584,0.38856209195862745,5.390609917078166,50.65012010369253,4.00699281243253,34.51053883497339,Medium,0
38.05341426127282,4.929527707918895,62.74062495143124,2.6618011743065746,-9.681088007314237,8.581077170943885,5.214220423483239,36.5983919176356,Medium,0
49.17482319157525,6.220799512025091,127.12906439052264,1.5168214110708522,7.380741393693391,96.95265233240067,7.789885058996086,2.141866059449921,High,1
20.866817215149876,5.65028546703641,71.1915546941281,1.964195382407012,0.4499804230087895,3.8684958257191537,3.401089365028688,33.789548181399255,Medium,0
22.73496913466898,7.828986283815927,29.70135632873616,0.8982560897767095,4.138937080659675,75.3503901107308,1.7870612093260885,20.734507708289318,Low,0
70.32499347094621,3.5424645937556702,119.29341508270875,2.8903605100620626,6.22701505047211,52.510239814224406,5.849361183390478,6.204843805484117,High,1
76.2280823493543,4.177453524402721,162.8767841338163,4.789896766244453,-1.244084641823081,36.862065249828866,6.652041034810672,20.99537738492338,High,1
36.131652139582705,9.046848722799256,76.42469889199464,2.515363001358045,12.927462629294856,6.5842164508654655,7.127180029585496,9.711646484779084,Medium,0
28.952127120048765,9.518108618353649,26.45374301969634,0.4145729069724058,-6.6506283312554695,62.216692417360775,8.819875907661297,20.777976606165826,Low,0
55.0799680267311,9.033024047378271,39.33763946256461,3.100006667387042,6.787795182025936,58.522032939095524,3.7117412068911304,19.216951397926387,Medium,1
38.61139197686675,4.775031945615822,47.4966610338768,1.7011149722562853,-9.89101050108549,28.088327306759975,0.753548962288918,36.91958184680287,Low,0
11.77704489622414,8.023289527061936,59.97951859890725,4.2796259479564895,13.11627763512952,91.02217014103121,9.583485836309421,38.71077790831794,Medium,1
20.930681815633324,5.287021599709889,128.55901410126182,2.173390741582351,-7.187396669047713,30.41100073428369,4.350119274374752,30.351432719227333,Medium,0
60.11805601931783,5.477858669314919,120.1890969075438,0.964198044711228,-7.6278942463106345,44.97254105921061,6.232575096731313,1.134342109122377,Medium,0
56.12467593371059,2.8421209815155555,139.21597231340783,0.9555281134557247,-1.6748091736938941,54.37624559186557,6.663053231282923,46.5511139535497,High,1
11.896719475243845,6.320172729326648,72.50039690630263,3.8438209036058018,-0.6608428490229851,10.02318781762861,5.465137087012035,34.31166400482238,Medium,0
25.53805133530646,2.6752230797801313,164.79953037599566,1.3279379915367995,-4.642498191928034,93.21617192136323,2.0525752973627007,1.7097724960594418,Medium,0
26.175235761165,3.984082291604744,40.81753223115206,3.836166970796115,4.628041523178117,37.45361524510411,7.5514305011614145,40.941644960705894,Medium,1
57.03249205191099,8.695271814579417,93.80814950363079,1.0294365538329968,1.0728524510490893,8.077921387434362,8.037519743040816,10.013307735899806,Medium,1
11.379737642805491,2.863682282897697,160.18774430828606,1.608431843506547,-9.145610273972814,38.72911736753299,5.529755860174398,28.96105947855534,Medium,0
17.28760073892017,1.6404245665608954,36.03172954652385,2.327434862198497,-2.0086984436174844,60.02025470925807,4.885611605848416,23.331718497509357,Low,0
65.99412597612326,1.6210683335153466,21.97262274815659,4.715979248467254,10.260822839329261,51.36526718213295,1.1393818312798532,20.991939117753834,High,1
22.498126343803353,9.46706068452797,176.73679353759795,4.658657123769123,7.242538371546715,69.4541974037274,0.8395166149978384,44.48568600621988,High,1
55.69222754963123,5.562283941656512,68.58593255183918,1.034359377111439,8.12177133949701,5.5483942067910625,3.3956484556352873,21.868064578130735,Medium,1
26.672794673270857,4.684708646353165,136.7740249818064,1.791095206215364,7.452923102088088,28.45406102720561,3.1084615551739327,3.7672058786575366,Medium,0
16.96089749315416,8.297907229071265,5.069720852787696,0.7469969422688616,-2.225674465424168,81.92305768401023,9.536564509632711,47.331936360747626,Low,0
27.022053369961785,8.522433351194644,138.00937768188993,2.5499253965674855,-7.5084019480806035,7.989368779136086,7.8362274244342975,46.026761561981374,Medium,1
60.55868522989614,3.9897192980404412,63.2202623093941,2.3029127534733327,-3.1883203991726,85.54859546959575,6.5992429525906,34.22163447907994,Medium,1
69.89875276744,7.242562517264157,11.148170717488348,4.503800812253662,10.794632504628982,9.189609207710625,5.176480890176051,23.394626406601247,High,1
68.11539051968941,7.940105342666979,121.9625523096234,4.650026888955363,14.511769944576777,83.44542148916962,1.6736753072665134,4.642973647176063,High,1
37.80284707329184,6.891856181793591,48.16076321463465,1.9178369550364605,2.3461753685390336,36.078840107872665,9.78456672184284,39.53740592887381,Medium,0
56.76595955994523,2.3643556732008943,77.361448410376,2.4586897150949474,-9.757491126923945,61.22090632572158,3.7504069824021,3.773895721201448,Medium,0
24.34890067910747,8.882947751653512,16.116162457302718,4.4811812457306655,-6.498879696644274,15.288711564799817,1.069256024472448,3.430049244757283,Low,0
30.520341118270927,5.851850974624078,29.432650218989064,4.033539038725308,-1.9479856170933556,6.616872172518084,4.937988957157461,26.869192121968403,Medium,0
72.74350729647838,3.542251837330033,59.59544709916875,0.018281556723246384,4.464633714823743,21.59382040201351,8.739980116130832,8.006412009232012,Medium,1
10.910134645751523,4.827053668939246,17.951900112031428,1.6002978209179126,-8.12265885486715,12.785381790869554,8.872910017773295,0.3865133670174492,Medium,0
15.985597159812766,1.3381398135901663,182.16525293726303,2.1088712096806295,13.58393246774704,31.24058976796318,0.10965916056447256,21.15567154978931,Medium,0
24.552037860221912,2.150801211001758,1.2094086367956836,1.1485814184161587,-0.8729081678899819,51.43832465110202,8.862957447513997,6.860861580503297,Low,0
11.85725427116738,7.8899207546427474,96.77204377286228,0.9978580794796937,12.814605448120576,58.875946356500954,2.7148421749985854,8.025770764034561,Low,0
22.700480456285813,1.0001047127982954,24.64949162651029,0.18892253297839834,9.513045068925544,78.9868107379743,0.38972363968423074,3.845531936766733,Low,0
50.81290926787845,4.749092456340629,61.53581789558971,3.2168486253488027,8.885931812889527,65.62398932483586,8.477902703628743,10.254687686180496,Medium,1
39.499718541474856,5.702591629770296,185.2119119636531,1.3125514524158284,5.1679894945558,60.8758325129553,8.638667559882084,35.77420898871947,Medium,1
72.48701977538823,1.4917097800087507,32.338910654797374,0.26173589215656545,5.669595426296115,41.17820274857746,5.9623107984235,40.44636536088957,Medium,1
67.22104932169087,9.757703466750996,193.1664639436665,1.1548965526403183,5.950080880406203,47.38084349601387,5.744337572963584,22.62668220146503,Medium,1
33.927214618851316,3.0351279812470473,41.158875397884344,4.0095697641806325,5.718034675639553,41.45208293901811,8.131202726214195,25.327690794070882,Medium,1
28.159640340190474,3.7377884767265277,148.3132216933659,4.257445908232733,3.8432057849590313,84.21660300613831,7.863095527102798,1.6327517297101302,High,1
36.57846857170868,3.735482610295246,109.33545297946235,2.415331225966513,14.660350462072223,23.000045254839986,8.90105473442704,3.4658130685658426,High,1
51.320645976036545,3.073749959056149,176.89574551935183,2.080353352043431,8.307264185642403,0.5720931541964625,5.5274744759670345,12.878386282475846,High,1
28.764454857601336,1.0132643987768026,110.79865110062619,4.889268467508908,9.423659709813029,65.13198972262393,9.676470927328086,27.194921035657377,High,1
53.69042354943938,7.564103146791967,106.91184383126173,1.0028232979403495,11.811570377091854,20.246218363883138,9.961468309333384,36.97755743674965,High,1
38.65881565338683,9.701609498193568,39.09160007367998,1.0767964142730424,-4.609005931853771,89.01151363098093,1.1654460999863259,30.250153066901653,Low,0
48.643302659638614,3.0186413495654056,33.24587241033174,1.4593358851819986,-7.904896022623481,85.9046329706656,8.49543759554122,19.606392749339413,Medium,0
40.52885703947217,6.967424726230802,183.29783022310284,0.8637865914054366,2.072360914964966,7.672737192820589,4.99822257748589,5.916203650156909,Medium,1
30.612603167934235,7.677066942628436,65.56763977000682,1.896827991020933,2.852017390481829,10.638840541407735,3.8756633829983214,39.03866174435947,Low,0
76.39173148735097,8.635828411814723,74.41645099257919,4.554171134948769,10.729544498747943,49.51715922466663,6.13072309882715,18.189302579952855,High,1
63.45240559118326,4.803662773122483,151.9647316856777,3.0767392031428713,1.0945894820583923,60.92226627693547,0.5596555726200703,36.802700724139484,Medium,1
19.80792230365168,3.726378150763863,67.76469648456147,2.059732743061318,4.271325638607818,27.490833748224077,5.064611187670799,25.648942095717093,Medium,0
70.79275831285389,3.92765620620728,190.41248932780056,4.672053972856074,3.176773462836458,71.67977166993707,8.708905700266667,36.93310267809126,High,1
44.120183877465955,7.413591997886615,147.58555379976005,0.2423211623791116,-9.044930406065223,59.49160209188715,2.134615161389688,45.36447807262859,Medium,0
72.6186558825864,8.351015198550725,119.485848514684,1.0513808895093069,5.380372414922849,32.48241097485547,4.263898947694251,46.0514758026901,Medium,1
65.98986791631206,2.6345257098094237,176.1790321089505,2.829443025508795,10.701082144356306,2.5371488042315593,9.394808877148755,26.75533900003017,High,1
39.76494531284634,4.338469073419887,9.921181669896551,3.0777631159658956,-6.062486298104904,75.01502812985177,4.285638378056973,25.575418238281937,Medium,0
11.572851582408218,9.11746177074235,51.41253843784175,0.19778753281306571,4.858293348164894,21.475366582508272,3.5836763233239832,13.283923275141863,Low,0
28.807415156946227,8.260241677252653,93.00726684418198,2.015193789535661,4.840263611160359,83.44737434626283,4.4053664812337825,46.789991576464566,Medium,0
47.914395026260685,9.863725624862283,45.3957078943042,3.2457698241543635,-5.895375898591031,42.02902600542552,5.194527665175563,22.895958359981044,Medium,0
54.34347538783031,7.788234337138727,148.78103746043038,3.490352732017008,-6.9134106567316,57.707744263176544,6.3199134413146885,6.3795619643688575,High,1
28.05213798032416,4.5387568092513,183.84160621074503,3.1906995125813467,14.50129857441212,87.29487304090019,8.00692800916731,21.635245731327498,High,1
19.75492518509769,6.31574050595174,84.75402398618468,1.6028161218046226,-0.1570207586740613,86.36230009199534,4.521022057643142,6.352662511900197,Medium,0
68.44511657595093,6.949128288225882,68.426520022379,0.46760061798954755,-4.314456781911768,37.15195752435733,8.174809350901404,25.126584212853754,Medium,1
78.90815264924865,1.7061023468541157,192.31014642751325,2.1355622320966705,-5.716886388640626,20.888889271484313,5.337206613520806,28.06377574281061,High,1
46.79831276118801,5.900472631934786,88.97048656550817,0.6437721868402774,6.690042839580876,77.51460777285946,3.384805103679777,16.887788074679268,Medium,0
22.017550009381246,7.383887456253486,97.80968008985664,4.738118292603335,5.23613243318197,43.30802036021312,6.579508281194142,3.5825307115742335,Medium,0
29.061512856355826,2.505891736009543,70.32997446838107,2.375854330113141,6.088803074685437,19.204199355900407,7.177222547434914,47.17517678166195,Medium,0
11.287347358322672,8.025685456830015,181.90969460242766,1.5862958717843378,-7.799849312213693,90.44253423171502,5.580489756294876,38.66765567417148,Low,0
74.00091645923493,6.253955024627005,113.79109665637014,3.8315203555945003,12.338364587460923,19.810419424108737,0.5661497313472341,41.94405402525605,High,1
18.24257580230988,9.569996071278352,152.43491743632893,2.4897429629113192,-0.2683400797737928,2.580716819123108,1.698828751608249,18.34341971431147,Medium,0
50.35615328599775,1.3818006838620254,162.36134367017726,1.5501701200622504,-2.1657648392410516,2.0279973767419968,2.8529772089022822,38.041551500972524,Medium,1
29.18386544810442,3.3879352379992027,68.36980838345164,4.059838711954009,1.55903618119348,62.231535645426426,2.826256059514931,24.26864475845971,Medium,0
48.792460176105536,6.413984913698417,86.73886626407601,4.33576075500561,-0.24834835630929364,66.16750607175304,6.734208002468706,10.054174420302298,High,1
55.59942718463049,3.669039209853376,169.69435488125293,3.365040831443385,11.589425078478646,31.10417050569839,0.18348661673632582,6.221168845360664,Medium,1
68.08192625950412,7.42981747664118,72.65107033516205,0.23482211203833647,13.231524379947302,32.00109892470634,7.556817770495199,17.252543466102843,Medium,1
24.449489023242226,7.831047542697379,158.78702669037025,2.8316144008326605,-2.413669588759845,33.94939150599428,2.653424748069332,6.877605573756984,Medium,0
10.769708006093634,1.9226436765982702,188.19846451488743,3.816474559986408,11.59839518649887,68.01585467588787,3.100218462161024,49.913448810203434,Medium,1
19.58199410481651,5.624690177860909,124.6420746136014,0.6825150604179109,9.538078238326678,5.813379102682859,5.279098279439243,2.459449511601103,Medium,0
73.00130492936735,5.580015000319503,148.32545749037777,1.1433537569230168,13.270191808619046,92.91163526913256,2.1592560093895754,22.057179968453827,High,1
71.17230542937607,4.3235269319398695,161.01946240822699,4.412475525340682,-3.856242195352804,22.252104417744643,8.844713135755276,22.60467611951921,High,1
51.81891715192158,9.396323763127048,169.0079297793285,0.10060860926537019,4.423978753024477,99.96732052420923,0.8536877932656528,15.031596429083777,Medium,0
52.03618023035574,8.447556878858991,79.01066757135919,3.76363568912988,-3.1363853814888842,17.1522693787187,4.4438236230106485,28.567578285347267,Medium,1
56.55256721823788,7.274884437186731,10.252691835199634,2.3688664625721145,10.602362262109356,77.15464573123775,8.494222694548899,7.498851207577234,Medium,0
22.275989503641473,7.428939721614978,80.37525424734791,2.2338607941980344,-9.866895235723394,22.341254492962502,6.1584389442123575,39.19561902936168,Low,0
74.00883621474719,5.1554452943180715,134.75124595681797,0.03548266247443588,4.1204790721599025,8.084680164325398,2.9232951584263347,16.622385912381915,Medium,1
39.313936742445115,9.288950689869182,90.07007715615856,4.096991154832464,-1.5199142182020502,87.49333243506489,4.207602077764607,29.567129489932086,Medium,1
36.81969697746482,7.251358845279569,149.7926301720797,1.7991245031828322,-1.932907323054494,85.87512591908919,7.066943803425146,35.78196180334797,Medium,0
46.324239369798626,7.560829554902348,71.39648589373277,2.7038281565027145,6.122658096622924,40.357039244960134,9.732607433638993,44.45210588450806,High,1
13.287617674253854,8.755218134086107,126.94882822080591,3.386503431678297,11.287111232849847,70.23961425404268,8.931387183794335,41.78937182261001,Medium,1
21.639835812925558,3.4666443040797192,37.283960970794915,3.513147882189579,5.229884784833156,55.706593268391714,3.4243280838237675,30.41545140517798,Low,0
61.662353149845934,8.263638134800328,149.87388732899137,4.779900294130361,11.329324466168062,85.29561136737487,9.981978792878575,19.419659019194345,High,1
15.795906754758853,2.7571654266084282,109.13919376260517,2.6566997661830456,-3.385072202974251,31.505596931865444,0.03504663531058272,25.1602335037482,Low,0
52.220647662647174,4.1080775702039904,40.81287770932012,1.9985977548721379,2.987546369124528,52.367239999898516,0.2762975580841509,38.43673966894013,Medium,0
27.174437677692467,4.020494088428585,58.38223469956145,4.7685181324585395,1.2634134766769005,48.537237120455046,8.238405151711937,43.87727712797365,Medium,0
37.25069298293836,9.806729215502266,149.72174171636647,3.2105511751276055,-9.708877512422594,35.39058262568587,1.9946268683305202,5.189096408833594,Medium,1
30.20856157394899,8.708835013731342,96.52024713230414,1.490751781382778,3.920303578518503,89.14550645563722,0.6076926839624086,19.242813124652674,Medium,0
34.89709015254644,7.310528754312338,43.20628807861444,0.6323212270178558,6.5381081036543724,16.587792466253546,2.371480732365022,38.80582992067503,Medium,0
60.33321336289718,7.5435108545385114,193.45423807405953,4.212772507325907,4.797860110476751,14.950863952069614,4.261001539808602,21.58258812969805,High,1
30.79852009362225,6.05865514962314,143.02500396337757,1.8109080139707578,8.406997469585537,57.69095353227514,7.305662704334049,16.611388203314192,Medium,1
49.648324820782804,9.523816003976671,191.42696650795924,3.302348606822156,4.283488211326928,65.7494229984942,6.243355265512055,20.566134841163482,High,1
43.32352815393698,5.466328775941254,85.42100907206864,2.3540820968294907,-8.331243628731077,19.461925432456518,2.3762121756042043,30.14223733931754,Medium,0
56.45698157538537,4.424659388829051,95.0200681383441,0.9946488989751917,-7.088861897882214,39.07174422546241,5.032704481005844,49.990257206690075,Medium,0
75.57808175273306,2.467318032384319,179.59104323700384,3.0084330431023254,4.91186443859881,94.65638429787437,9.262141053985687,24.64962145522659,High,1
61.28004680471752,8.075850870349521,105.00986804907693,0.3034153447534116,-3.1255202006589955,24.6617422690674,8.150077769837576,10.424723747713028,Medium,0
25.045826501352973,7.609995388680323,141.45578238113345,2.0667122993559612,-8.008871774130855,66.83607021173941,3.231897848317934,8.142328763954737,Medium,0
12.182819454289927,4.459195346717214,50.434575499105996,2.7330746983183554,0.7400685862136691,74.01493936975908,9.822645613556963,2.1174873738207145,Medium,0
28.358483100987755,1.2267407256330642,89.3452937405281,2.180234870592895,3.858064952091384,44.81286994651595,7.08620400435131,27.940861745916074,Medium,0
51.65545514901784,8.550975949462096,24.68997316207102,3.743360876254954,-1.781350291259836,93.7525986759583,0.6244935566678178,27.22860457444171,Medium,0
13.599806943897525,1.1027618510866626,41.19600717539234,4.139624772726562,8.01084255564445,73.66567352187904,0.3516071328863868,10.261696339015458,Medium,0
44.74563730408654,7.333298016661459,0.1886830535262174,3.85621537016589,6.094265202531116,45.79245798608979,1.6840794901002998,34.76647032262835,Medium,1
51.778999424182246,9.732313987534514,7.853010329732046,0.19406473905901056,-1.6795409727082011,56.933520177609395,7.278558680501468,37.05535208148404,Medium,0
33.397072357187255,4.938951953333831,195.45676463538587,0.970643852229861,8.871813222714016,69.26134434251007,1.837389258424279,12.954910269105563,Medium,0
63.96385426220753,3.114760644963575,48.47073902735246,2.6830375463188716,6.2173760633258865,59.219018042921824,5.114867692088335,17.204988201486827,Medium,1
17.461877719364026,7.343839090390436,132.66214190080038,4.674110202219007,5.936134467947552,87.86975838260759,0.9326012018083174,49.52358361736283,Medium,1
15.259644721506614,8.354153278140267,167.8199397599223,4.174783875260585,3.835692519676701,35.68886622804012,9.208861578301951,18.713223392536708,High,1
60.97321293425223,5.917872844700626,110.13209184731285,4.212672541759009,-9.71525829778618,29.988574005580492,3.4396061358356755,38.04008358780509,High,1
44.68439213443389,9.703317477305315,30.62890001679124,1.5160409687983745,7.412679586922228,21.38388894952643,9.081320565606308,22.636271331497,Medium,1
58.18816774994152,1.46501849492165,145.62328746723327,2.147239485393513,-0.5989552222710881,3.7782968064595135,9.448756419105443,39.6672413930488,High,1
40.437913702262236,5.543160384740753,120.05028201991661,2.353529736579687,13.56524275396639,4.301396438005534,0.061286473136807906,38.4511619391324,Medium,1
27.248142326737476,7.466085525902951,146.25011786947502,0.7868579167495521,10.449619276930134,87.00551931092828,4.64135187198732,33.38780125992678,Medium,0
67.33716223719398,8.76376424034261,153.94932457141743,0.15534065122228158,4.692361738282806,67.83931464059073,0.24656055706892888,42.73891731477896,Medium,0
65.95911152782855,2.6133005071701105,195.08207353694903,4.734514497302584,-3.695450454518264,66.05324154364861,9.086927663029059,46.960924743884256,High,1
58.62875295980987,8.200031335873133,114.712656005342,1.2035629283175338,-4.9070651680583355,61.464281893488604,5.184075447345759,28.999166022604193,Medium,0
29.050159606097388,5.974363681466907,68.32822253812037,1.1997445186181566,-1.490379058061272,84.92191446941048,0.7494401269849682,11.873445361137286,Low,0
51.3161466808361,4.568983137909669,129.6929113800474,0.4168952688437977,1.9141985895004632,48.026692566562744,1.1027672827656687,19.93144808220375,Medium,0
35.26817278580187,2.185435257211842,13.688141848525227,4.642538759718892,-2.5983622490263225,87.04108285583003,3.8350902449273905,37.91528567566466,Medium,1
16.410745132864392,8.787661830180213,179.47946366431725,2.89868557469886,2.87323738481207,35.944502618223915,9.402341928728895,32.54417425619348,Medium,1
74.211950282357,2.415458873617438,23.876202267639357,3.3351842856267693,-5.865739362170352,92.67075043390905,6.929091515680809,8.889916928262437,High,1
19.5773041643273,3.7880907328818934,65.56856757716365,4.557884436315263,14.442820320637498,69.86569800812401,8.676188661891324,2.5619770573212355,Medium,1
76.51661476745618,3.610409787661932,163.14907612522418,1.7281008445039476,-7.3018861258751535,25.71771360244273,3.6645664633997965,34.14807967710324,Medium,1
41.2204041070569,8.842726307717689,119.46247566614237,3.1075365556904204,13.298603491359302,56.40849216886251,0.4321369954999832,12.553951201467267,Medium,1
22.959305018703375,7.054326947880082,78.72710405548841,0.1939972736444373,12.839450285067372,53.303056148825554,9.743176372044141,24.98351218645267,Medium,0
47.93306631648507,8.17013257472235,94.68713187500428,0.9338626411556467,3.1340120454874505,13.789882173033396,0.17172990662369547,37.33733862562971,Medium,0
71.10620851134858,3.254211089132491,170.90947864043608,4.156229025449712,8.12275679590211,59.12429057506141,9.47651653081089,28.133339032816657,High,1
61.25574204866928,6.6238668964629905,68.00087721197843,3.8338417816916786,0.9012074493146954,31.478562371695794,3.686774238491447,4.1651291555898196,High,1
66.45928035030148,6.145713848293738,173.92993696243425,1.7532134572857343,5.750864438560955,5.234876680960243,0.10090405021881521,9.27901183917777,High,1
56.114835669750214,8.495473391094439,17.626886195338297,1.8840531388710624,-1.4856015644720326,94.86561577065649,6.891572317245083,10.966409201545957,Medium,1
58.45935951624967,9.154783544331345,155.35968744172615,2.667772167767897,-2.471024505363866,64.14903690642878,9.805403040313541,12.893212682242245,High,1
69.44369560957234,1.1094109432964814,169.50952661094726,0.0012050234256727466,4.455744654237843,87.6918931870847,9.656257228375924,28.270169597525214,High,1
27.476760620143015,7.066179271529134,36.36353056746775,1.2062216801901393,2.4532418545995087,67.60560050132531,1.6093701120241843,25.198288991269674,Low,0
44.259747455019834,1.4665221920775613,86.06930647444008,1.0411590430410722,4.488409228749527,35.698369214011294,1.8124780606615498,10.158001918210447,Medium,0
25.484660927372154,5.939727985696203,33.09995493273112,1.2524147337488172,-2.8334854678244255,51.268807232881144,5.655389146196601,3.3777421727843535,Low,0
79.13676055976529,3.588694561393104,141.32082579884354,4.029529212667207,-0.8260542045751185,67.57467603471771,6.373048264283244,8.571610223735904,High,1
76.08415377806293,3.760989395699271,107.06955361233135,1.3983692827322158,-7.902550984277267,96.02523252014376,7.394179136658656,49.21906563093017,High,1
12.759876795795414,4.176626531071209,127.0646693416642,0.9576066102507408,-8.693090693194858,25.366945912169648,1.810503604721475,23.427347489573613,Low,0
59.390262076098196,6.591632041446491,39.29739339124223,2.5213173039651577,-3.6635717581745935,87.49770586241176,9.590070867644345,43.36727523510562,Medium,0
74.7673822190966,4.006449691018923,42.3491724104839,4.32822518186366,-8.143828516736356,92.40778052942694,6.387392562892379,42.43762333344216,High,1
22.640274158913346,7.594291455312524,8.299465101981273,1.2067485191874994,-7.405632284131483,67.04155146589565,8.470469188705549,25.575977873143685,Low,0
49.756166138684065,4.640746470164827,64.41350703914594,0.39268121396399347,10.323210134848427,93.12666274013378,5.400657152841718,35.33438542302718,Medium,0
74.08418083116293,1.6151788027896274,111.94893226673499,1.7820236792483235,-9.028157574582767,39.78785874773685,4.142768475898826,9.637600520635614,High,1
12.37621850100592,8.053838582356965,171.58698279946577,3.738259122824889,6.473569848368569,95.30161760404428,9.771829065949959,34.419835246345414,Medium,1
58.81941870727879,3.571824921334354,133.38548949173614,2.753452723473973,-3.186056279614987,70.27828771659749,5.821213708198361,13.619228963164476,Medium,1
30.814430516078552,4.894901916393364,87.07926467995028,4.0839668478717375,11.788642017703161,4.20057674188119,8.668735827991789,41.60310483770754,Medium,1
74.70773367635712,7.168994948997113,190.62402287882756,4.79796073804617,2.1248071144374885,90.68728318190527,9.532923963662899,4.1862066554454955,High,1
77.97407716157575,3.992105414338408,143.84904011516636,3.963312383758085,-2.3605885168043566,48.44728090331925,6.753546270086592,38.65693364426387,High,1
76.09865423794038,1.5092709053204407,186.03304057251,3.019015394218767,2.9409733922358634,46.032698477783285,5.489386785186749,4.996845328430977,High,1
43.194995166022466,4.365289423115322,105.51759465443314,2.4667079402619025,-0.45104952386827935,56.646660597963425,0.0351085091065062,44.05946184471545,Medium,0
70.34298556925194,9.50003724424873,51.78085495862792,0.20034543174133335,4.107526616745755,14.938454677122792,0.4001964073900599,15.210225906750185,Medium,0
69.11845789745493,6.775609575687024,10.565337272944397,4.921609894070206,-7.136678291841294,46.916604856739866,2.008512160511163,32.71966824152874,Medium,0
32.337033127027894,7.043312338004863,145.21697029677009,1.9174056128752126,14.924762570313778,83.11272167177457,1.8600843185599525,24.375113931013992,Medium,0
68.02408319054742,6.690539382738758,24.260599601106826,0.761141069584334,0.6388969424179386,1.5482459137515336,2.5475879519984534,18.315157263116948,Medium,0
12.590534430084483,2.7909292506349312,60.55502565439343,3.3335442769822836,-1.2942340073157832,27.29171603243713,3.049346376976608,32.272091659174826,Medium,0
51.738891493743715,4.765004776920521,106.49418157677948,1.4214414454772966,7.755246207906622,0.245458644384422,3.6006549355072828,47.3761490275619,High,1
26.100618610139215,7.758458185269864,112.88331755594953,2.928891354655238,-0.902514837616688,41.571130914984835,4.205376900688766,2.063487368731093,Medium,1
18.439682004409516,1.9123560779784323,120.1166393974272,2.933839539222956,10.831857625718941,72.83155104937347,0.9886633845601467,45.94264279415521,Medium,0
15.386724114044641,3.5006749848074104,33.25106606994013,2.228649104514346,1.3567681090106314,79.87718291146285,0.4236193195278204,30.454082751050677,Low,0
58.740214311469785,3.4868719761926825,75.94748096432976,4.180593077725213,7.988960331635873,94.51897611270066,6.739444490730234,40.36571503845261,High,1
33.79124746376463,4.888170348350554,123.43884542339335,1.324835307777215,-7.313669588952837,60.85046129707865,5.373348248430777,19.19374767171388,Medium,1
60.7336740070133,9.823318668479665,193.96377292675695,2.243162958088671,11.152979638877795,25.462686665289546,4.441442022201196,23.592148741880685,High,1
14.574943855925966,1.6075229201543975,145.52622753993774,2.6884606429548574,8.392949669452745,92.4147949136699,6.344399411683524,43.4425375900582,Medium,1
32.070323648142725,5.668308949425355,184.52075141879158,3.318123603836498,-4.707080538450858,77.53157538803761,8.276794072035404,20.742398490491155,Medium,1
47.7643904662736,2.614282138109894,152.4424116628354,3.9198592525279476,-6.367849756355334,57.44284830031445,4.276929091162046,26.73297833745425,High,1
65.35062153872745,9.736088908687698,118.34339377848009,1.9740364143912803,-2.0926912818593904,69.56402157189359,6.411194650519794,1.0097461542166453,High,1
32.312675205244894,2.019731542547178,38.40467382726891,3.23023472048298,14.401764650797608,92.43163550074291,9.535722238351587,7.929900291902115,High,1
53.81239635059064,4.632409021254321,133.33713037850262,0.7530547653425956,-3.579210635823534,71.23940284729217,8.396244958615608,32.084325398739985,Medium,0
72.0184423765331,7.6409648635114555,124.67591319198141,4.663240502712393,1.403180223665832,36.8374507584734,4.260008105024094,35.848845053193855,High,1
53.11042317276132,7.340989852247008,120.4938340914533,1.9152940321050176,-9.249494357066592,71.30282022890967,6.447168378147429,29.13004683922497,Medium,0
26.307163232754363,4.8045577320453905,97.95717359764815,3.647607109882192,-0.06931176084418678,4.027816273538787,1.7707092191593976,7.1655018137805335,Medium,1
11.708054708957661,4.118717511574464,105.73132079785512,0.10170540941088824,4.2830003858275685,38.64155618305812,5.605221848950899,22.270271428891743,Medium,0
70.90692117306509,4.578511406975835,66.88850542362081,1.025935714524035,13.828115312699127,40.63230318455793,9.813282911384428,17.75473831815949,High,1
11.4888587595271,3.3784863684277537,103.86253852846063,2.4354127216178902,2.9184011235016105,16.68382344208347,5.183151152025223,24.783067201754417,Medium,0
71.22911708789395,2.847996448361198,39.51118113569565,4.391262338661733,10.477683154442195,2.3085480551770177,9.276382991901473,43.51645172770471,High,1
47.02559938190484,5.34735727803001,161.03487947207535,2.6362757497533855,3.678191064222514,13.338123663774281,4.073349205032607,38.79307193293259,High,1
75.73473889590274,3.416803804608466,37.155390939741565,4.649352411469395,-8.980374664112048,65.46214957970551,9.988448271846313,4.1994750694579475,High,1
65.91482650415658,3.587154984075251,16.993257977893283,2.4189844829139817,-2.1247931202556494,80.22888163636875,5.792200352275579,44.515459888728216,Medium,1
79.85538773733363,6.910804571271013,87.24920527143148,2.4522454836797496,4.388737695777581,98.82034927269741,0.42268994235934554,23.58835755749118,Medium,1
34.54982708161971,9.71683598529903,131.66148790121238,0.5987339425026594,13.764849148278108,34.63635031084943,5.867547966913881,37.193107244299924,Medium,1
63.70318022517888,6.432734805034376,87.54336498670827,4.013281220761099,11.478258993780832,59.937922226110175,2.7457269567959663,7.001961563217607,High,1
38.13516395264695,1.6928152035846966,55.35082639026172,1.2348270623353126,-4.291109645528809,93.71449668151219,0.3248132203589471,33.535976285352405,Low,0
43.59129342127362,1.680252524686603,111.63423677808815,4.498062446861575,-4.497254249520912,16.70417813381526,8.208533046946634,11.816300880472896,High,1
53.9253824252859,9.562808987610094,69.40046708243999,4.5541211016519805,-4.970675822152481,71.76455863427427,2.757296369807559,21.919044857046575,Medium,1
71.15739799304372,3.6756171127660027,186.57353802532663,4.716550559370749,13.062472407562579,75.49787331491632,7.965485540464985,0.8431435041052204,High,1
78.88584284395066,1.828602874742279,184.5290279207144,2.60115244551545,11.316653827543016,8.897553586933837,2.88217582955867,7.5805318965238015,High,1
63.77913897051627,6.391401284353434,100.4743639944191,3.385468923918222,9.37208580632372,86.12493851830651,1.9432635387377428,4.6040246561809886,High,1
39.243674751713364,6.612839004612395,65.5767988036517,3.8925794003083176,-0.18162214439431057,81.31050471108439,9.739355741044275,11.987208646912922,Medium,1
39.49499015939491,6.836543381068194,147.42648279132783,0.655073093252328,2.60951760746917,3.3403006577434446,3.6164532775501956,5.000904501216113,Medium,0
61.630761111222405,3.4066182507178717,7.342588696613328,3.0047859749874863,1.6082936198788205,9.108441488005148,6.0137621144316045,34.595501330978095,High,1
26.714400203781164,1.1359961579302753,94.95380120873025,0.17148950651655837,-3.665047311015684,4.912689389185232,6.099814928144715,1.4519951104609685,Medium,0
17.733187919197626,9.685138325090247,67.2646788540667,2.4878304169436296,2.6257011537191737,33.47435317993622,5.604734821735018,30.887025031249898,Medium,0
34.823551034854354,3.2580374112199224,184.10717702051093,0.774213408101137,-9.23758630368114,50.92889906799262,9.146957435212146,7.035391541278713,Medium,0
30.106729415785722,7.084236592472927,2.4006054545365085,0.9146146298104235,-6.704740662563521,53.23477279546288,6.744410713668685,47.25807285889484,Low,0
30.741568431919305,7.3596688289083865,110.56297514366982,1.8252378334630075,12.16473990422366,26.766675976944263,4.037330041049302,46.65470365549271,Medium,1
26.352542573493697,6.490066753715372,148.1327162133252,2.162185833582515,8.79199417578558,91.15968865602741,8.62380384524274,11.27515512604813,Medium,0
12.946523274545331,3.816166547922834,97.00359750480825,3.1158621226609364,0.5717102264771767,36.826278987191316,1.810628991159644,30.721064911151473,Medium,0
11.251175431338966,3.439866283876592,17.08060603254433,0.3721420921925783,2.9287590570969306,4.555015596535251,5.442367576104175,1.4002659736229217,Low,0
79.14056728152221,6.379014544324328,194.49227800558043,2.518458806187223,-0.7500278510005642,30.022711154138637,9.505503719437563,46.589427152558706,High,1
39.94411936151037,8.794860702505224,103.60208627521959,0.9131256512655056,8.519496679016811,53.11094225441555,6.253976298804127,26.149365409585485,Medium,0
36.90286530117772,9.52060356031056,122.83724886380227,2.8698758751587095,9.60467948080199,40.822182258823204,8.169684504748762,2.1611575708889497,High,1
57.575309788514886,1.9531522396338188,47.321956541501464,3.1870230613059176,9.082129755078977,27.384251909925915,6.535607255451929,17.12499965040687,High,1
25.27777215055449,2.3934575133794787,96.69961702136077,2.783546282764269,8.06529312086124,13.132324976431741,8.393708635378903,3.8424730930617104,Medium,0
76.49728287651577,9.502626329047716,85.82989839166437,3.691477552391538,-4.8873915326801045,81.91645000962298,9.444878798452436,19.647221968667992,High,1
65.04415100908864,7.628817055013133,14.979168400396748,1.6780462212045066,-1.5507505189880306,99.61452421241918,2.7292172753273682,33.49631710806615,Medium,0
16.258770161858166,8.946944423467958,21.232070709493446,3.8255329581656543,1.7461358745918731,32.95421335238821,1.6966108125671886,23.49449540207198,Low,0
39.230654304944984,2.8236937072180885,167.4945039237549,2.1638354085409683,-1.7301752143086095,38.162104417660395,4.839907503325399,19.186108735972724,Medium,0
71.53828152935152,6.288272839984617,47.963990441318046,2.420922491612984,8.873505003958224,61.8037524676957,7.018624268242158,5.95785227702324,Medium,1
76.13124156039872,7.310256349757263,38.99165429972611,3.2405106363053573,-1.766161893751133,71.84414747355413,2.271912531822161,12.246952284682816,Medium,1
42.718105787490884,7.121006969022754,100.98229025002784,0.0917919199961198,-6.544197830366571,39.20295348035913,0.04101450430167075,5.007164386917556,Medium,0
52.93879724474954,4.673365217800283,153.74942627250257,3.2699711071012416,-0.023988698792398178,90.49295169818153,3.4293511583670533,40.37493658283304,Medium,1
21.692376226445266,1.1385540252217763,12.389303715797585,3.092925745360577,14.497860819559508,56.00039892289183,9.688593354677884,6.761991399236128,Medium,1
79.38180382958836,6.246334511238368,115.36158392765117,1.5492355837663996,-4.352964676660603,45.0390076405931,6.949674606058467,29.768668327444676,Medium,1
26.21701909684104,3.2779138526164786,23.842088568114672,0.4289714244974474,5.303966473580727,64.66727531599051,4.01325443941224,17.137020679442294,Low,0
75.99122418945879,5.052288215286013,7.2922101651236915,0.4546772495652057,0.8243262459926576,95.28038482491732,1.9257609734684034,11.298919232759175,Medium,0
55.47526542946579,9.618229135754357,10.548790432443479,4.616118734926143,-8.224385808766835,79.45522944217055,3.56089673754747,31.973421974605188,Medium,0
52.54157564152014,4.591317858781912,166.83282164168827,3.4463966061291855,2.1969151499514874,4.001313053512434,1.6983943330124796,22.850115468847033,High,1
45.8881957711556,8.55821445997984,23.594496725612313,0.635513068853702,7.554108216207812,33.230991073995966,1.063058213129514,20.007273364227956,Low,0
26.146886820243108,2.6968654517432604,9.03027288245839,1.7836158465445318,2.830499395695469,47.05446849512227,9.067423725725538,29.642600244611078,Medium,0
22.356962240385577,7.052144482225259,87.57997742858245,2.962414969507982,11.802651593664526,31.451757220910526,9.976503383754736,24.563381424500037,Medium,0
25.434034634912276,9.793062589950491,168.79869438840495,4.177858525453243,-2.776574583560434,70.01875608304566,1.641144395957903,15.17421042757804,Medium,1
23.050678350097815,1.917037907856431,52.481675297860384,0.21830464356504264,-7.843770717400877,82.6269149862581,0.5452255887827973,27.953064388262582,Low,0
64.57091314967273,1.074879480044728,84.34252350518328,1.1831656573500444,13.414140291450153,73.13450951852715,3.2973110714621234,33.474928827534725,Medium,1
34.508768141671105,4.902245133693529,7.984506512750245,4.4487449514769,-0.5450912617945247,98.93332868282752,4.616591807614153,1.334657929342714,Medium,0
14.048987359437746,1.8336293474623049,89.81570282697517,0.04582775091908242,4.410138786340834,27.25476478930291,2.0482124707585445,23.293586445383767,Low,0
77.83718410985679,7.7354591470860825,115.52261612742673,1.006995513969437,9.8000781532549,87.49894950244214,3.0142491179855844,2.8841642291771885,Medium,1
71.8650119474398,9.23093797463703,114.18141075042895,4.79512087986483,-1.8921584031104854,76.66226651744861,2.008707356916577,9.320270703405553,High,1
74.94265982366491,4.90618875437883,66.48533843487303,3.0670092326108556,7.904113454440279,36.21787575581461,7.742605684324513,28.025436703898656,High,1
79.64354758525047,3.3284047793989684,63.1066361326271,1.3083568331875322,-6.614528754554299,73.41245436569686,7.125779432472608,43.30944576327904,Medium,1
22.17266744536411,4.909629871059488,21.324723787319577,0.33495547197923803,-2.7176563198623684,10.407595641824695,6.349515157609817,44.140283959424245,Low,0
37.736941323186116,7.511030360650009,73.35966412925367,0.1409567022361108,-6.382234096587002,78.93334823405523,3.8721785707920473,3.4972005069315637,Low,0
63.07669329928639,1.0814874542233388,19.89893377459293,1.2237253981846363,10.280763960033946,53.23306025871026,9.09040941314236,20.95525431433533,Medium,1
58.72144326376546,6.305085905362275,153.31918894241034,4.4074290979445525,-4.433769119330366,29.22901727092532,9.6953254153502,29.150324150227565,High,1
20.772713443789854,6.519625163986412,193.25485954963716,2.079568271487547,7.9350888851302575,65.57773017841801,1.73639312625412,7.35349522751717,Medium,1
67.10831874934324,6.73919422206342,194.01489133334138,3.601666845829965,13.582459931141313,64.1619998714409,2.2301264141187804,38.27161083723858,High,1
25.710840028566246,3.178198719827895,173.01421987507877,4.591425176899789,3.194305226721925,20.94862227195997,5.256310280003697,37.21176292186194,High,1
25.667233037583614,7.426474510403141,120.15842986792381,2.040202308014083,3.5007298065171923,3.0397414811526136,0.9125056928224529,45.16705068533973,Medium,0
47.58820960253895,1.8225233769859877,140.173139448776,0.9563868551869853,1.525839202445301,43.36225869016739,4.364483988231128,0.4243006041721509,Medium,0
51.50579543891922,2.7934330282012074,57.04116053608281,2.5855896542845973,-1.8527464151589312,56.95118693444212,5.817912647777101,10.834212199450132,Medium,1
50.60603454864678,8.897230419890338,126.15408403452413,4.540418435299272,1.891375773122928,87.66052783705985,5.220735711373331,41.35933571226609,High,1
16.404078617842842,7.648508356539097,91.12990988797549,4.021872070688503,5.070188306668985,92.82167956475944,3.3090858307802606,33.52900254134677,Medium,0
71.42226038412663,1.1237099861021074,96.4034679553865,0.3291492168157689,14.649789304266484,52.88052181567664,5.424458060772068,44.71949268492454,High,1
28.592002981209426,3.235386343328202,151.5553120750316,3.462864000387909,13.444113982955606,75.38034837685449,9.588009542588479,2.858982726513326,High,1
19.06604448979629,2.929658346938481,56.38367111945033,2.8594876122947688,11.553823957328044,43.93032723279969,2.0601740429137605,29.848198285822143,Low,0
72.2123655908284,3.437256952332753,63.607922338903975,4.537315881732128,12.228263392621459,74.6082156572893,6.548313583940036,28.452328744683708,High,1
76.89560487608274,3.2280379325189776,184.92835822572732,0.6124070842514862,1.6962295823010738,20.48015249391669,0.4339669415605185,1.7837208180266184,Medium,1
70.34893320858154,1.5627366616856118,11.24485897019445,2.670180566023283,6.43610817943662,37.106473480353145,0.6641640448143493,25.676103845624176,Medium,1
66.66612523074147,5.130464649371383,97.12685968266808,4.397313467559462,12.376668073405353,63.42279988136148,5.51828224223585,30.476015565496212,High,1
55.86693864473152,7.594601273075487,182.56016008157235,2.050118933708715,-0.17623087521617342,1.815796560707883,1.0493918032794947,9.56465871010536,Medium,1
48.56001594263975,6.4605855224569275,122.0726015636314,2.409974588664335,14.04406195863672,72.2461310338954,0.22346788426857334,13.666479156233146,Medium,1
16.08907319379871,7.055845017382718,109.28141484242641,0.35230338833479147,0.3946515517295751,83.55355012681667,1.715129976480222,32.017367314886855,Low,0
38.59172491494891,1.7303426068261523,49.948835845871045,1.3907182022445541,5.027066634830391,39.91416610939515,5.648491709995744,23.415047379997915,Medium,0
36.08819619086198,9.563416391591085,68.65509781288965,1.6225332458447368,7.745117831809298,44.79424171771643,7.033409545189324,42.90068287841634,Medium,1
28.182764863222836,8.546426504587224,170.40968316093858,4.725612243724434,13.764800326898458,85.1282212216531,2.0247856414138,17.119088300459417,High,1
60.63940795820095,8.245812866460964,111.84362635369163,1.4133368027057953,-3.884593148693349,77.56546353260335,6.682594372081745,13.332982919410059,Medium,1
44.711301455513954,8.406854245375907,102.94843875135598,2.30434367634826,8.653274455966057,28.814948903337502,1.8247633109922934,49.243297017242135,Medium,1
15.673235113535355,9.394394573194852,19.915942708005787,3.356522117821399,3.020389653602055,32.397610656153894,6.134574266312571,45.55678850650417,Low,0
25.412824136486794,5.898285695023279,3.2056312910246243,0.810916862039387,-3.2860714844839736,67.88782323905966,4.119596798957988,1.449637249948993,Low,0
57.828113456171714,2.8025381608086333,192.73703773740982,2.4322119357093723,9.415170994909763,56.31980924481612,6.537995093336168,38.5364307653283,High,1
15.329160164321014,6.551052470672871,75.39723345736833,3.692695197379538,3.8055570043461637,16.222957109649695,9.950527524792474,5.516738691260148,Medium,0
69.5844839834138,7.685933443011451,120.64261241990086,4.33427606513533,6.524345516241895,30.99299092291664,9.378169652325619,1.3742597414685476,High,1
44.660256890978204,7.6412565401862285,15.943014637456997,3.1312963733121335,-1.9274732855524745,89.99832768786541,0.04281757836103628,13.684775798317444,Low,0
43.64106041286536,5.693041217501921,136.6228571446093,3.3452675765847397,2.0318487956901254,68.81744367222635,8.854387643623058,13.467293953055215,High,1
51.46854492616623,1.6161284740022026,186.5133417411922,0.6314173629228448,5.433856274701677,98.59743176855194,0.6649079517476653,40.96593811734823,Medium,1
67.72766761476043,4.34001644587115,115.13305059948394,4.728882486231736,0.12277035674609971,76.70125299807694,9.530465861598449,35.53336229714176,High,1
34.34664455315351,9.286899476170216,25.22306447508211,0.6628703874224118,-5.040686503807467,94.19744321435903,2.818256790996847,49.08047136660071,Low,0
57.46113067913445,6.260040187816834,116.34430549469535,3.8733646859089914,14.0410123078826,21.61885738704754,3.8203483041127093,35.57564501559092,High,1
49.601237479705375,5.84498748930142,153.26944262093048,1.324081608891594,2.786688501065435,77.14848748169257,0.9163820517572785,20.912777662802394,Medium,0
28.691978911859493,3.419681629439742,81.28330731480374,4.667965718506258,8.348009257192514,2.021752014779743,1.122727583289096,34.946383047260845,Medium,1
71.50409904486106,4.3160402792492105,175.96754958829356,3.5997976968473977,0.27617983890145303,67.07600217115339,7.2674056522931965,49.9729533593201,High,1
65.81982151248496,9.058114802378523,129.7365906714729,3.7690685648918447,-1.1217058993570916,46.92822781202414,9.443322357482916,35.507094128126404,High,1
56.091628426089784,6.998167427741522,179.8497836578405,1.0952958652994167,0.17910746167812464,34.676007192006864,6.107484949543095,38.08406779901591,Medium,0
69.54072103659693,8.086483240770995,124.70106224946744,2.215199883175804,0.22991609464124485,86.24043522930891,7.1585001552681105,46.91825075951297,Medium,1
70.71059406718616,5.089108807608897,26.257594400964845,3.089065972946432,3.60450289854884,85.42676926575307,7.619697445971535,5.6825630655841675,High,1
59.585408370052434,6.672224975105421,61.93834222103782,3.8498680910330045,3.586746749534079,2.230170489864358,2.6281427455294173,35.239214672386346,High,1
68.59093298545704,3.2354524786888677,40.35898965049138,0.5197968795619479,2.4288453970717914,60.9505122449431,0.45229630920214925,42.54029789837245,Medium,0
58.82300231684985,7.349147472551376,181.76529954337246,4.811826582272642,-6.630355377064047,36.78322243209564,0.018727439191685846,47.718930011044655,High,1
57.609854023221025,4.8484120033300355,152.08001345749653,4.45110335277278,2.401886962513278,41.56610015004492,3.5064928295401865,10.548464485584969,High,1
53.3027964750629,4.98290963333271,135.2796737820012,1.3517429524779216,-5.772402489483713,83.2040739218776,2.414642281992161,25.19645038621221,Medium,0
62.69016476903489,6.843900921191935,60.193263926324335,4.11380121516166,-6.846605342605871,30.983977152767828,0.6231772504918565,34.02774238222409,Medium,0
21.102357370515158,9.42652559322034,36.8089544100427,2.591619615199117,13.316142933529193,94.30488106376201,1.7952829249366675,12.373386475066873,Low,0
71.66095314392498,1.5760571194775883,151.29021759778237,2.3090324078100934,5.123750328692606,17.963382637214075,1.244988982679478,30.023643162513704,High,1
71.02904694216625,8.422689136123068,94.83158917581594,1.572170529057027,6.487251453114607,66.27224233681778,9.148783806173704,12.878939124899969,High,1
12.04730981241914,3.631447993709738,45.157910430125824,2.9048429331579624,0.04484175833409432,67.21050670137647,1.4026721345916893,16.672851026582364,Low,0
67.80717253953338,4.9952750905574,123.32439563305502,3.649445588517989,12.724522297871605,25.21951614279182,5.376484639876792,22.075934825543253,High,1
19.020890723141164,1.1972199589750807,8.066770427690395,2.0546645248137914,5.948262239491637,32.4750608967202,5.9310595511216455,26.459504937328347,Low,0
33.45831979813993,3.7094147005088174,65.2340508256507,3.1460959650414604,9.229246738089687,83.47984925799405,5.434894577086338,22.46829358125753,Medium,0
62.04557794041254,5.523681183671174,93.71139891822693,3.496564605776519,-0.7859382743071541,76.18052549549525,0.9905643421598798,24.659775989396458,Medium,1
21.253192723381574,1.505584696126951,29.59166682188117,3.5556090850764295,14.000297020478136,32.909588031475955,3.187983617505512,14.929437814414632,Medium,0
67.25769168833435,5.419861564448486,196.93089551816792,0.25983049065590125,10.511532253957876,53.39565469349339,0.5127033246315327,7.94825470113153,High,1
68.24939245704194,9.343995659725845,41.81947291792285,4.298739028425334,11.348711575363591,6.168029625309545,3.95669914096316,2.367498866341972,Medium,1
45.52274136325853,1.948538962970247,26.070626008653107,2.2912665738252396,-5.695143314356143,20.874588239862923,1.88598931271592,9.798936124583385,Medium,0
10.447011020178351,7.879966552679539,40.70697477737928,1.3120804084810722,-3.225919803219512,48.58205588603991,5.616325332843798,29.09718207528915,Low,0
30.092669322243893,4.687039480383934,153.81222663194484,1.208822537398408,-2.8593350079105733,8.59737352792116,6.928083938491005,39.30577239015662,Medium,0
53.18488428630195,6.896563430719042,85.10113185436856,2.4150705642197523,-3.2272694188282207,84.33323548919375,5.3211986020470645,8.462379872144727,Medium,0
78.68303246191964,3.342129381867064,113.08318795050761,4.434157697344796,11.385204052607198,71.80062101076479,4.342366966113957,5.427767888632423,High,1
54.22694689116678,2.4354303628722245,4.201831397272149,1.8917379084132346,-9.202880119785197,94.36336706484948,3.8733342085669245,37.46451802746251,Medium,0
28.186250674491184,2.444163528441038,6.886261714662911,3.7486287339177164,-8.097500275480643,69.34669059640271,8.416917680970037,15.257916526864484,Medium,0
54.3803992169728,1.634427510788302,89.16510996540323,0.484093654936093,-3.152128234252407,94.04013722621856,2.1936806506527007,47.57497196136762,Medium,0
47.79897658010988,2.670820344111187,163.3310486403247,2.3802835107553086,-5.003175633763909,55.4512555690965,7.342183395288688,35.71589853051865,High,1
64.58917766058005,6.977974464900714,177.04777574151305,4.958430701963678,-4.2035096529287905,60.02186110619694,7.57482324740119,16.337802362151542,High,1
17.488644717887087,8.935215506591572,17.341313519128043,3.852189013961685,9.948579731332499,97.69710546262608,4.192000072707344,14.477137389685247,Medium,0
63.27195317514196,8.327131170320456,107.67262042020455,1.052642442203065,4.0781648473011725,64.21291468642603,2.973005992256393,26.18491931356545,Medium,1
47.88866050732772,7.166208788870357,182.6459372558541,2.5072073684895537,-9.855733467675801,3.07865688607466,4.7054148604597525,3.9572334139104717,Medium,0
77.40944027012962,1.9938867706999241,77.59455087957727,1.1681238182428326,0.7330691426048813,72.38027766305233,0.932139258926985,5.88382563226495,Medium,1
33.931051622708026,3.6026870166635483,165.91316628567373,2.0478046363125464,0.19712317125897327,90.54686921374156,0.4593003222908998,8.792894065809625,Medium,0
54.283532519376365,3.7882618779022206,26.73913087988724,3.9004201186748237,-7.151368263886412,79.55802497943266,1.1160319945189179,38.73617966522801,Medium,1
75.24196738570123,3.249612517578591,187.07889793355974,3.8561240764520184,6.903544715036428,58.38332726254226,1.8714503146222616,25.692867963456123,High,1
17.17568095934755,5.635050937387508,150.28466350626053,1.1405018895119257,7.552429709487277,67.13035130935164,5.04176820338043,0.5283561387221469,Medium,0
75.60599410655158,5.819984333917053,188.26687855738032,4.611116590774301,8.022330476302443,99.01917892516717,8.49136636161122,33.67582637360545,High,1
58.15200056105694,4.211973776539992,135.3234467105013,2.962840913824134,8.2117736389648,9.066208850933833,2.35642331999687,21.184508933024855,High,1
14.748594137362034,4.1841024286279245,72.6807863998854,1.8996214548100725,-9.99867932669258,66.72448286332396,9.351620107467781,25.542618248189896,Low,0
31.067449686277136,8.457000381154732,187.6362345049445,2.5096779039043033,13.848020096168055,28.339769457059383,9.549079089350034,10.705812170646778,High,1
59.57204620516971,8.10363563487717,55.11335526183569,3.0253562671887186,10.355219176366576,64.00903965861701,9.589046048452053,27.58911141970518,High,1
14.714542102814018,3.770162485126711,66.43450441234651,2.799452659228927,12.599542414732133,60.762357588393876,8.375627346763238,48.95766198757443,Medium,1
50.75193221233913,9.224095994859333,140.16168360034806,2.4320251776808908,-9.608917617314146,15.345683210816208,3.638250407977206,3.6722345502880724,Medium,0
34.21181398670697,9.575335153022554,153.06325990507725,2.5246640204470006,13.346469894643484,20.674664574023915,0.7268391100262306,14.195869983221531,Medium,1
53.4640862437234,3.9406828782703673,185.88069676983076,0.8820595521394309,10.244713217202618,62.16295780432135,5.688187317664949,12.149879643041489,High,1
13.2019423668759,4.1898245391374935,40.9604818112419,4.063664521523397,10.930478573967465,12.822994730377413,5.586814439372337,12.42746553755898,Medium,0
71.00757643066633,5.550707380797629,159.5996070438448,2.708801599705077,-7.6678153819507875,26.518087513032285,8.499757671095956,18.935317878268865,High,1
78.14422784241778,9.470087312803061,147.7092106793927,0.6553993085235155,8.469450722964941,83.52455477380025,9.959910509461052,40.90548923720838,High,1
77.8214498699984,8.886874898280803,12.758911250719574,3.8307855079138897,13.997917241052274,32.70915060016386,5.081573065601476,45.64293449821937,High,1
62.47562822200473,1.9231116632523082,77.44462824204139,4.662219891886754,6.963683535454016,48.80601562696629,3.4520403103978428,10.110754372948666,High,1
19.10603680914424,4.534576689442746,56.55309141201972,4.73653449618481,4.264035115615162,94.11403351458402,1.85901711556267,27.147496897405638,Medium,0
63.07842371503158,5.9803407077479465,60.89808487080608,1.8450886620558637,13.640741943724924,22.71490888369463,0.04799824817370735,31.844948608274017,Medium,1
11.721084152116106,5.52819225296386,196.58937591094016,0.6775843678037702,1.0734280433609,38.96260173580104,5.091136924888792,26.091373718192244,Medium,0
11.548648607029808,2.7447676114320343,128.55548269598557,2.5919981331653257,4.982339157761968,60.64577755435457,5.555186667025957,21.703819709845977,Medium,0
32.652715340467886,8.729350940513392,143.5352315586999,0.5630461467461034,1.9084573373591547,75.53389295039722,8.249384798173974,9.598775292961893,Medium,0
44.205023328326604,7.092467046971536,195.32352746300182,4.669937092563086,13.32115553400748,90.16533867127052,5.045769678928006,24.410967959961926,High,1
63.92851924654553,8.541175373666233,75.44035649152774,0.91789813677573,-8.097881830862319,91.54729875735151,9.164683486660564,20.060741385566445,Medium,1
57.830676362455364,8.728878514145249,160.3680336905612,1.2638292997558205,2.5279925206337044,77.6640074372623,6.280834765714355,39.77816812511348,High,1
41.21318944637238,7.735202682991658,86.90619266089908,2.0331826344248523,7.173811034635958,22.833083659331045,8.403362382210831,38.18021795814976,Medium,1
29.15386663971661,4.952895411247456,173.90673436299596,1.915822342795629,9.797663460555922,2.4809330042565803,1.483017348077471,6.699934060283535,Medium,1
79.79871501103977,6.494920795138821,36.13150826226064,3.973314461989445,4.575466186103409,38.37739303556238,8.553361303023147,4.425952628153379,High,1
39.83269115651811,2.4432886550776884,189.53723541285592,2.281584102754812,12.722943603036349,14.154885098782334,6.751438544438484,45.40769716137515,High,1
41.59709170307728,7.062808757274169,43.754341682175934,0.8538413000166845,13.549786172096793,71.0387647438298,1.7023303243833054,26.775419448224884,Medium,0
21.453667483416844,2.6132793016535265,65.24410139618631,1.3360494774303704,-8.392019420160413,66.11305868257168,1.8976355814601087,42.89004686412953,Low,0
65.63666841249506,7.245546314591412,151.2384468213561,2.54556692593761,0.05926348853435903,4.397164162145484,9.265006190442213,2.9075560283200574,High,1
58.55775580470421,3.066383446785718,78.75102831308133,0.7372695871306745,-9.413524456971139,83.65937791309511,0.32215360450372876,26.325780826081512,Low,0
25.453872895213227,2.0579617013519798,121.64227535328934,3.0582783782300704,-1.7645835656389268,24.874326629118226,4.625349432957061,26.971325728811816,Medium,1
15.76667319310899,2.487560411286617,88.9147002138857,2.8287365327557294,3.4217054492650534,43.22270754910422,3.1347528993410156,43.035101627107494,Medium,0
57.63495114522992,1.0179292169716323,148.47398741795638,3.5735115819112884,12.769873262748721,66.79337354557424,6.6507743999842805,4.8804999114853755,High,1
55.815784999679465,7.468656560681772,45.66625047372217,4.688523076896838,11.163858061635072,42.94187868522533,8.39629387568992,12.022278183795464,High,1
29.128166889874652,7.591609441525412,11.6915974473754,4.561272805505778,-6.812506833200357,44.12878027999434,3.6037812155656956,20.326915694350657,Medium,0
76.56044935752873,5.634400149219335,59.98587949461325,4.730378090344157,-7.674240631477607,6.5627995335740374,4.269020873228372,43.292073770997106,High,1
20.574052424663016,2.4522652094984534,94.86173297368606,1.2235779851185047,4.731683468916676,40.14435492600038,9.819177845014142,46.94416575352835,Medium,0
40.26343607298213,1.7519890375962077,33.60401043853572,0.6578265331967731,3.302949311469567,76.48478932199835,7.839165096792028,49.63623097968139,Medium,0
76.05311441173193,1.172160697935583,70.95945793127774,1.5113835024822424,-3.3405589642494036,91.51763371865978,8.972041309317914,47.95967432292608,High,1
39.38091218482856,2.4917335926869866,79.99660365871371,4.475425863831573,12.48632711384588,41.34971370633718,4.387622206516298,0.29708779221772064,High,1
54.69681633648599,9.01769981484832,11.478368737654709,4.860267373117441,13.184160236538837,42.358582687907884,2.3407620398411524,2.3854170726936017,Medium,1
37.831607857395596,3.173831575315136,116.66144963684091,4.29662475535238,0.0652859585040666,70.26271063236521,4.118634653864516,7.380340957879433,Medium,1
29.1950641644069,4.188441944954941,176.8686855942575,0.550088605637718,12.257563927838007,94.27720011052766,7.160919178315135,17.443104838513655,Medium,1
78.87843535718798,1.9481093603319986,30.348582590610484,4.7371399902989655,-0.4012776434256843,26.70609402393602,1.0943040483597932,41.495901549347934,High,1
38.65338044205301,3.0012517427335323,119.5616026803028,2.11679013675393,8.420420795742503,44.014420653793685,2.704691056165088,44.632809766774024,Medium,1
72.58694425753941,5.673021137021846,132.94784098216925,0.046551453811768395,1.8985554386931036,79.59732435523011,0.46635900461590385,9.341720314729152,Medium,0
26.09682241237603,6.469774147860873,83.86693608385767,2.211968703740968,-6.935421087320425,60.96935693740385,4.323477383381316,30.983207580985432,Low,0
24.91732928175583,3.2081708274958993,140.219517472854,0.23034584837733796,13.198355030925539,11.058634396395473,8.274457359796132,45.86809925326383,Medium,1
12.179385801915796,1.5195894330260549,82.1463086982024,2.7193896058055875,1.3524148344384153,62.77327355622657,0.246636882980108,23.18658679656604,Low,0
55.61667777631195,4.519295822146588,100.92745759548698,1.6927701371852566,8.362176008060091,18.674628459732688,6.75323526807166,5.177178597639198,Medium,1
35.79684406066328,3.107830338337007,1.470608910885396,2.367174667970244,-0.8206546392176961,51.02159340784041,9.324958745137396,22.890682504231247,Medium,0
70.50507748877459,2.9759853090682173,138.34402282693776,3.065851803715585,-9.527978035594133,52.910326766043845,2.369278615111823,18.789745114402862,Medium,1
43.124693468409,9.638765224421098,132.2685357889449,4.344005479089102,-7.486741032704102,87.62033622249848,6.936348407276482,28.88289980330035,Medium,1
77.77353995403053,6.546704373331517,7.6801754652689125,3.309507882359643,2.4054869872481097,46.249427401243814,9.751019011002004,21.932934220355182,High,1
22.98678609921848,6.011905988548863,73.65002147902662,2.1702443423909035,7.2491089281590595,27.94424222358942,9.622780601524632,0.8672963426858971,Medium,0
70.80362175689275,4.741975931709897,195.80636815833347,4.0971392683518255,-1.6316168355180234,23.096634821603157,2.349291930291433,49.699886670683554,High,1
64.36177969542192,4.8604990008712985,84.14731251372336,4.527910687865661,7.387211479441259,87.42518766843361,1.003310532120687,27.177011886528547,High,1
63.964529125083644,5.868145034542727,100.38908102636834,0.5987998321609861,7.465889735798901,17.10108544182284,1.4828253789591594,23.681537774230478,Medium,0
69.13482596818214,7.267868263324965,181.98603163194372,2.6596648877639573,7.598397683195771,42.58685608831437,7.020356684821421,47.7308685752027,High,1
63.27167936600992,7.319314865636465,143.45237517315127,1.4225597987122207,2.3130463505127103,18.717311492694698,7.2575887545327555,7.793018379353855,High,1
53.835422514199074,2.5452451693490463,116.41402622484472,0.235305989384737,12.8721537530376,77.33040401143754,6.74236561628199,9.461880127262411,High,1
19.18714143776713,5.501014768689643,159.5609362682145,3.3427334755699265,2.2299129495153895,47.4372639974619,3.3607838774223806,40.40073745313917,Medium,1
12.276832564387634,4.7076228553069175,172.87325329119466,4.313853887296128,1.2566298374159546,35.1143690556812,1.6977693975812214,13.041554001250438,Medium,1
74.45934934709808,8.834742696424458,91.37761434745337,0.8145132723869702,-5.015479524734325,36.10996406264668,5.807610919522531,39.961355314576345,Medium,1
53.16552201645166,6.682770290965387,95.02167298636708,4.0620682881195025,-2.3086228160915874,85.22142067229794,4.8368044575786655,13.576674145425127,High,1
65.75761036833234,5.792536597743836,77.21018713036716,4.266978667684708,-8.941637687042416,55.37739542944381,7.288341471223035,1.6593815112500743,Medium,1
43.706564605878505,2.0385517796102564,193.34122800369212,4.571702213332418,5.838382340404255,71.78678511312636,4.413600786856215,25.8507361943358,High,1
18.211573227367612,6.450741003910703,139.43325085807007,1.326425445430262,-3.786606401822678,89.70385162506845,3.386396946864684,9.834321706343069,Medium,0
18.76300545417853,2.054835151122101,16.644613241614458,4.519765325949447,-2.3961186378633723,90.17416760406421,2.9347857735901437,37.892314646623554,Medium,0
57.989570106028,4.034859180091768,172.5919246626037,1.6033137736821612,9.270363041608029,32.850905433786316,2.1147032004974653,32.05998166160741,High,1
40.12141264296239,2.2855776833289867,96.11198816725361,2.761690067277514,-1.8194704209636532,95.24512631463853,2.657463761866614,46.18013339889589,Medium,0
24.03673086902357,7.22866282321932,13.750781284497492,0.25253735416141065,-3.9451026996714456,2.4875882014605444,0.9483043884410136,39.14941786328679,Low,0
44.41161827190058,2.8562690245253735,109.94345103266221,0.21940544184371802,-5.773556271657356,37.68355610161657,3.4685701092888954,9.038797742036342,Medium,0
14.494625595259386,4.526734358692234,83.43285579514041,3.6018660636610145,9.371460054548898,89.57988575088416,0.365698123629582,40.00791183323982,Medium,0
50.73799813400792,9.061072998569008,175.549880972525,2.222399889888955,-6.7573435502493275,27.463687981698293,1.864138471663268,32.08685224070116,Medium,0
28.829538310456837,2.8388474505907326,40.79892072187747,1.281461876846088,1.3438440062588382,27.308145032131836,7.467704446194291,33.44758208803125,Low,0
65.82913704460317,5.570245575629012,165.2929218984366,0.952067480124551,2.6732529019298603,30.26222850818887,3.2546898867662266,41.613144298507436,Medium,1
31.725337124650164,4.773444950494198,111.53773823709055,3.3497674542960905,7.184747817142865,61.23133848469222,6.682370169773439,28.691203459447014,Medium,1
41.86541043572608,1.1631163694115676,10.92206064269381,0.002007720126699364,5.832087058324887,43.83327756143538,7.168841755972774,23.300175717650646,Medium,0
10.813437793567044,8.134823022155315,194.36906026509692,4.0294558459842715,10.26801682362937,72.67348363533426,5.811853427321135,31.8320517679364,High,1
15.071282145619122,1.6214131568313976,102.52304882063999,0.3962480306496441,-8.881214151844047,89.49106425646659,9.586977413653985,14.897871447917954,Low,0
37.474548948467934,5.268295188792583,58.1753708463165,0.9574480745405972,-2.58898188051507,67.41993749428606,0.21439866623113257,9.129856554354966,Medium,0
43.595718430198644,6.0461046544505495,93.88136839785162,1.931181976495448,-2.9966470306155064,20.44667201975755,7.386526505881421,30.82939190356232,Medium,0
52.00143836835126,6.655838109531284,171.5715567034978,2.424293698580518,-6.349577360197294,93.26819023605022,9.587866439404081,11.692418454273884,Medium,1
30.416380509651226,7.197684663770881,60.9806248770127,1.774975579069709,-2.7705436535889216,26.44928733474785,8.622717293529393,3.995755467330336,Medium,0
58.64873202885798,3.2794514517044355,38.53527929734006,1.6035608249214695,-2.2558671464274145,14.989429532815812,1.6789269180501332,0.0277092292626957,Medium,0
70.20856780324432,1.0898089899260444,25.814249386176293,4.819580060365942,3.0471115481869573,8.996727886096089,3.268203062517321,30.415970070003358,High,1
64.5895692225345,7.510992961194208,59.57187967804225,3.2078984062169713,6.5926119731564015,56.33837406661656,1.724518398764654,18.10743917401184,Medium,1
12.773317774385,5.820909394128208,156.0096174080087,0.11716477683694104,-0.47248715970464816,11.376246248065181,6.013083638147041,37.6155485336728,Low,0
43.63548630804802,8.52505932886524,94.32527303905233,2.150879542221566,7.986755782834529,13.877588411263076,7.121879819794923,18.758819915655124,Medium,1
17.34511248927224,8.392495266106248,45.49632073870799,4.375043498719851,-1.5958665355105006,30.003048059549663,3.170737693630582,24.300172411911337,Medium,0
26.943151110376924,8.589935510090948,33.23699992194984,1.5072809320533398,-2.7429080671309913,28.16530096844638,5.395065739842955,20.354248640769246,Medium,0
79.06638152870025,5.365851939815862,66.54589530207582,0.4727817238719412,3.5297013964256085,60.42395103321423,6.90920570071195,32.528739555467304,Medium,1
19.974688003105925,4.002655562531791,187.98487457714177,3.791923857949589,-9.407090992355235,81.67452794726815,4.213398166110483,17.80695810074841,Medium,0
44.922170741594925,8.12402382332233,68.60534251800487,3.0300691596804064,-8.005271909149991,76.13496562028924,8.540155304554593,48.18838249711545,Medium,0
53.270901402268336,5.061647017263295,197.62481519092708,2.8515625391325194,0.4492385896631762,26.248445471647674,7.7154993528781715,46.80734932992651,High,1
59.17254793808728,2.6509797676309104,97.04609115307123,0.2678827980370396,13.572817784793912,24.53104979859799,0.6466554385057066,42.40139513286407,Medium,1
49.175407844083985,8.69476617605327,35.83278365803017,0.7024950489775866,8.03779449608559,96.57915301069676,6.2112529909082905,46.015013528637404,Medium,0
10.683959319342856,8.943038890951126,178.2280183587019,3.112746981065569,-7.796835762486056,0.8236241591960125,2.353255509597496,22.45698442296955,Low,0
32.852291577079434,5.196787805261531,92.07107462696538,1.039119207294179,11.157950319521843,87.97205330602158,5.5751826466727525,26.821519839474604,Medium,0
46.2398150369298,1.6812975457880872,141.93426870090488,2.5203503987421216,8.307519265204524,19.972851912240497,9.568884426329662,37.104629627912225,Medium,1
16.150654940138335,4.490434809252381,196.74231664183034,2.7244084301469673,5.273663142566329,94.72843230897678,8.790620045522502,34.80729624692705,Medium,1
34.543885184642654,8.231838935163431,10.0350700639948,1.417535951354697,10.507324015229432,34.23072848275197,4.045164031151317,44.53392978027354,Low,0
12.324217615395659,9.115966256916058,19.338911957513428,4.742125777707464,0.10274619357392767,44.03517738932523,2.915138583443534,35.816551362834765,Low,0
15.500494800851452,2.8312546824783626,144.09134829255123,4.212320534177875,-4.4624737286536815,70.7120613944381,2.34405744408259,49.894235411423026,Medium,1
37.78462933411173,1.6027625082274437,56.3650006590944,3.6118675381639926,2.8005847277189835,58.76690514732603,5.325148697565201,17.42528999157955,Medium,0
19.290102783014223,8.896154078195547,36.86027939001981,0.3899693320470454,3.7210438898368454,31.79393297068228,1.1424845325805633,41.6498871119709,Low,0
49.72785937830907,4.504644450809877,7.872375963945899,0.5306500965450972,3.458159300247802,55.38309158678235,5.492750081282486,34.88174114163321,Medium,0
58.2625478396086,5.87584867840807,4.369342397240361,2.4639067293247785,4.126844787002632,73.07068843628862,0.013336394907920157,34.56932226075093,Low,0
66.0410689376358,9.71259230845683,154.8971206239582,0.8035667459549284,13.71762295597952,4.23349459024921,3.2384963074584485,16.291779742249947,High,1
24.010517097136706,1.5990825512280056,26.88668547391,4.89132731764737,12.556140577405785,1.1199305255704117,2.199343138305813,39.28008962115113,Medium,0
21.723780758134883,6.83486206706886,93.54412319423018,0.7926011701370472,11.892925913973485,45.80669390728913,9.71218789960782,45.01880111737996,Low,0
17.319748823408016,1.6669488031738036,121.1793630358966,2.43733917731987,10.03542027271568,13.183661780351418,7.27242319569979,10.927423076028148,Medium,0
54.550117468054566,4.379220356198504,85.67036011376925,1.820605284207527,13.585702681632133,66.43442914647144,3.496533804622377,31.274841855835206,High,1
59.45330085408308,8.23433090674102,5.421330467246621,3.1969321072704897,-7.5376339580149185,21.40524562274342,0.9284508653062051,19.60674145513876,Medium,1
12.211030137794943,4.90125009480071,156.70030051758178,0.6451820444471246,-3.3719184638565123,43.2851106795671,5.16800594690624,49.47740596474385,Medium,0
75.53485723705829,9.974641185126554,2.1026449083306975,2.1515821402119544,2.376398641364622,19.767093687426897,2.134478813260423,23.941640791584078,Medium,1
13.637989855603069,6.031533564519419,152.3779788754968,1.3735251640357182,11.16336232808513,54.848358574912446,5.364295458983578,11.416008689847136,Medium,0
47.890743471074934,3.8904593737235813,178.66089875762455,4.43875762335844,2.6291427880683123,11.60534593845689,8.353623541788926,19.092881261091627,High,1
59.63423636156415,2.981001933142778,86.56798421143446,0.20292856067347542,8.700868483539718,2.310685278748026,6.157925521013854,32.69191949083131,High,1
70.96783866222599,4.154684808575456,107.10849461955965,4.5686374700322965,-6.526002368777094,5.113163810669718,6.337884195450022,3.8044685674788137,High,1
59.98608524926995,4.352799463835957,95.39667852353075,4.164970692765002,-3.6896546755859956,95.425844151531,5.410302890628115,30.18009601106188,Medium,1
66.12096581488542,1.6184230995156488,77.84172372468777,1.4878535822040773,8.294402375941809,14.228621861093583,9.272656326314092,46.5612379589449,Medium,1
33.761513477996424,4.326167794840958,177.48490707407205,3.9464532733855235,-5.881649777806899,70.84782531368351,9.319026844206032,42.51813938289252,High,1
67.03775796225585,5.178146677653024,178.7867021339981,0.1560678016937378,-1.216101633626831,6.792620422282624,5.127232010735522,3.3836768328991687,Medium,1
15.60803924692726,7.504639770149242,67.16327292830691,4.834327751466968,-3.3783435546607143,10.816035223518217,3.057594871435044,49.66949393695341,Medium,0
72.63716592423694,6.910565362494472,123.0139508029396,2.632974712948947,-1.253457644438038,50.887625140933466,4.595870058794439,34.936346185193955,Medium,1
48.331466330761536,7.378890897062388,185.38151242917283,1.5164051303272263,7.708101226949258,46.48709301543437,1.8655791219561568,8.114041215701185,Medium,1
67.21084389737456,1.0752731368917139,192.4116997882703,1.8129160629733854,-0.8038204714299746,95.15803094398696,6.363443153180893,0.6208044584711747,High,1
41.66227991628101,2.9590065962248246,101.79180808440951,0.3320267673024868,3.8815830651985053,94.48354530207374,5.000923357822332,8.564131814607567,Medium,0
55.05043866375675,6.955158595598708,90.56496105686536,4.946747570210196,-7.501703073639759,77.9608642542465,1.033004778132799,41.90879603428693,Medium,1
46.84818626552792,5.3559043136177245,55.738863185705156,0.19645972575346227,10.125442330865695,60.21018301273497,1.9764778111961534,1.081966247258187,Medium,0
61.21126652287323,1.0478212810151135,191.774374638082,3.2745356157392953,-0.7527843587968785,45.4960317393011,4.7963195619952685,11.657365180904328,High,1
15.714098742141271,8.240451781886401,28.562860894573472,2.2136796385322914,6.213353975833561,35.617853432842104,8.875889907188583,37.86527976674377,Medium,0
14.224645879339466,7.955286159613037,115.965915209545,4.7445810909435755,8.134740041545816,94.70875469755555,5.663907206310974,29.305526794906754,Medium,1
27.29722638071025,5.935772466942064,56.510053503727775,1.229998701533976,-4.75847694720749,60.29088114246856,6.815350002084708,39.136785518009596,Medium,0
21.168127607923182,1.598169931986449,55.80165806955932,2.6604341196900565,12.116874623833748,57.90725276859945,3.3902854974390975,37.307525191339394,Medium,0
71.02484966145411,7.8986354457932615,80.99371747523769,2.411781042913765,5.405606290173823,23.190112176891486,5.714113930442343,2.5300693560902365,Medium,0
25.3449791150631,6.253422289582275,199.7585871631309,3.5143322202505067,0.7181285437870366,4.669781788511306,4.473798226380675,44.62557095470758,Medium,1
78.31056790733919,8.037639794421633,10.993261367964413,0.34005115976210254,-5.441620410544512,94.51885797595445,6.591299126231607,11.351591714113434,Medium,0
33.58270542397748,7.765722931562564,115.7083636407063,0.9689456501167742,13.557523447530167,31.37352588446539,0.5057556607901037,27.669622011488187,Medium,0
22.74825409820895,8.227018647620534,16.514431607055435,1.0728241004642491,8.876705103290629,44.25890233244587,4.933002162389592,32.21440782638894,Medium,0
65.27889549997354,5.6620725976416235,30.904165998103792,3.6907537742084484,-4.799385931668779,11.463994358570684,2.9599262514396694,8.431410544254769,Medium,1
56.109544285061325,2.262920663741635,87.91258835457974,0.9456934816337004,-1.5572306318943874,83.6924329909292,3.2618506127790923,48.81156283504872,High,1
44.87370015171973,7.040417260417198,102.09202626928825,2.8674588194548836,10.241856452201832,2.7631832855930627,9.609174315580614,24.40779780436545,High,1
48.87544856563419,6.584264065467735,51.7584816729048,1.0762191025047685,7.391941580383474,83.39907620990965,1.8269481271138277,2.8821347798696717,Medium,0
60.34412447905847,7.6802786847917845,63.291426174883235,4.308124750419892,9.144607317893108,14.028501278796679,3.112452525785969,46.86310223889202,High,1
25.991831893190913,2.5289290544566176,17.39340405118661,4.710927272448193,1.03002755532331,88.6564112631152,5.098925757308717,29.313392159663405,Medium,1
79.74337412397193,2.754776799102603,60.6439567688501,2.5924648747112022,7.9119065660541725,72.97726373361574,8.630269481496237,34.95965989906882,High,1
78.23552135027482,9.013685654973957,193.3116878761088,1.7615444210458913,-0.33765692840215744,16.46702625073051,4.166700832063705,26.258789496711206,High,1
55.52279804428558,7.749800186068637,188.94147633449634,1.1702888750874956,-4.7184270765450895,56.58179928594681,7.43865280888171,41.73689773884838,Medium,1
23.96797156504016,9.174056398302906,66.975658027397,0.24890500761521883,5.816925871033999,31.265631435521946,8.563740982148024,1.6566731096605447,Low,0
57.615976970190395,7.8284378904752865,114.17078725575232,1.342500380987477,14.400348139969855,17.823309891158345,3.1001635582184894,13.418918263857387,High,1
15.053888628542309,6.374397753912717,181.91907822218886,3.2711788997265896,-2.23497571511676,85.91821994111083,3.9275018353870994,23.48241782013461,Medium,1
12.145675154406424,6.887194633250863,1.236764528179335,2.6680846565460543,1.524239805313491,40.35227665072294,3.5655622368835624,3.830180815685502,Low,0
28.03780219578496,9.00215131546009,162.13671406751837,4.720206391404637,6.85003427674634,39.85437143653825,8.32855808617921,35.29533346633291,High,1
42.383606971752144,6.209260790607464,189.67391055778378,1.981386312458503,3.5376570530621967,16.988667480662002,0.4434686195360116,19.68317070278204,Medium,1
70.77907537858664,6.691521918955487,18.26514686671141,3.4693167116419725,11.08569489272623,38.306567608577865,3.0842108882868002,13.633399513407202,High,1
60.90183488364156,2.408290444032405,32.28953720658421,2.446613737375607,9.043567661737898,87.16168463288501,6.794085575951298,0.16894234042061362,Medium,1
61.98945648399867,5.265290981044925,192.14926055427108,2.562881079621058,-8.542569903441073,36.31287104896359,5.6544349956534266,35.99151558749769,High,1
39.784533411365274,7.44757400762289,107.50802872806926,1.3388715730205876,14.96053084809435,95.1603562499788,4.362893592936943,41.690465443643085,Medium,0
34.215449478287404,3.4384842848472887,2.8393268943447403,2.2747538842099986,8.81006134298668,94.63088992083874,5.399482272213843,19.75202678407492,Medium,0
35.97271340892219,2.820287624720814,51.52639975270583,2.353924985063536,11.59758290735283,14.489865930734602,1.9758458582831828,28.210898851668276,Medium,1
79.13546946152405,3.82444127401974,89.98873485377192,3.5332126087446696,6.279942802383659,17.73112535226449,4.307166216080104,11.384331296479921,High,1
12.807643398873774,3.173505651935501,138.58178220495353,4.70319999593057,11.407128201169057,86.26740703318892,5.017029841763491,31.109882314006654,Medium,1
70.6922047285714,2.934213733327563,146.6320756273599,1.6466063874125214,-7.190425626782265,39.27609189247192,9.011891219546017,0.6068729157600261,High,1
50.507278600067536,4.823657585812782,199.08430258509122,0.21100234290649222,-1.3065541110171104,0.43739822830093367,2.608351628039763,24.432194854937922,Medium,1
40.703079343271334,9.170546624951808,57.5022398767518,2.4814756275031984,11.91052359011232,27.3871819705371,8.678285021649327,32.210274092034616,Medium,1
60.768036229059554,5.563536820648465,107.64402037369504,2.722306660745843,-4.958619718327694,59.762899319556,6.442414008259819,45.9095886614867,Medium,1
44.0668258997292,2.691283427337907,106.66470957192101,0.8422027556595763,-8.04394753549943,79.9265965959968,0.20340831067600984,19.066790856114213,Medium,0
71.13962666571624,1.6927450244278668,81.1290518894475,3.8023230313803333,9.702973498630474,13.338861709325956,7.2463133689939365,38.25951014905149,High,1
73.0491304807881,7.265405306241327,33.83237876848404,4.924645542207458,10.887153891082406,11.054136441673535,0.3555187754905509,29.88435149717504,High,1
39.520464881141876,4.445188879927491,195.4913126367685,4.7288735850423045,-5.933694545252485,92.20926535723316,9.973811268138132,46.35060564625403,High,1
29.37794580645361,8.396478519268234,170.6634373333172,0.9855301941182609,11.358649569567886,75.11483678225827,8.726366876911978,19.91888378297153,Medium,1
51.464523001535355,6.935596917766931,99.66660565884744,4.3768161995038035,7.169194889929241,58.97796007780784,2.9734374754004564,15.9547669936494,High,1
73.86543419316837,8.166173054872317,120.64908453680596,3.5224681820584234,3.002067080414598,76.9186789995928,2.5741123019670544,44.357099934707186,High,1
24.74635323039666,3.4475143547660387,45.45221071193246,2.269232819034558,10.756254819534625,42.88543613066385,3.814410821056089,2.462220070414456,Medium,0
53.607660849443796,7.231230302149523,108.75741407834938,2.7030549716236454,0.4812312329741447,75.84557473091266,3.5616696531444303,6.81926964668384,Medium,1
54.20921540647644,3.376557862243469,138.99402662429517,4.24800087491229,-5.15015109441507,37.18029912745357,3.7233781838538107,4.120221729202223,High,1
61.31791156906967,9.451616315052624,103.03340567731776,2.4006746981918656,-2.878683084734659,24.409457249260235,3.182765461194804,42.15549782882013,Medium,1
19.209737958908185,6.7273685338003695,198.05703411698826,1.8660368455256342,2.6291004573328705,72.90134212929686,6.211334068483314,0.5303711685159695,Medium,0
60.1077475277462,3.920606201578079,122.26833124954524,2.466237465129929,3.2832698168293932,41.96722921572683,1.6426366372062395,43.08285777485241,Medium,1
73.63227644659487,3.425606760630454,74.19474251843381,2.8956490201752456,10.13952066103084,98.13771043261949,8.459812924460131,22.56338976856334,High,1
22.57781762091694,2.718339265644792,154.43040552316762,0.9453882688917442,9.783818091308362,34.9485182308101,8.124024840313153,0.20126394269853742,Medium,0
26.628032744671437,7.25176863004355,34.09250231632841,4.504538651334953,4.534163930114372,92.17274205310659,4.764832078552704,20.082258860602092,Medium,0
77.99765658291477,2.968440516981346,76.90316274125331,3.370934744148069,9.51963708413691,93.29625485670795,8.527299652785477,9.340042052251778,High,1
22.668386689664285,6.357729393347402,69.39179007551716,3.1663445866874445,-5.205663542658225,24.185294706474615,2.471450700302933,31.22002437360815,Low,0
69.80695653587054,3.381715242328216,86.36141902155545,0.4974811309031907,-8.74838682266764,79.82211815880133,0.17565455703966948,33.96793949608233,Medium,0
44.45944995136244,6.9577205031448175,156.35596518574525,3.020869690862959,11.840845565867504,43.30745051445651,6.19207925029823,24.376378520249993,Medium,1
27.306175208222392,8.334457556864853,96.8346064326815,0.6048033111924617,-8.111137655930762,91.7524727230348,4.579094069647153,2.0259762719834984,Low,0
70.9524930890758,8.002227188301879,158.80289005319256,0.39348837597699526,-3.8327892564000674,45.01242726352388,5.671645462958707,32.806440218360095,High,1
41.171367850186584,7.847661978377036,115.29778062797318,2.6365544782119663,7.382973740609614,74.4303717337366,8.99339409018403,42.10193918027606,Medium,1
46.03721477507831,2.6895016512302687,68.41388693151107,2.0139276702324747,0.23619844068272833,46.69674091637979,9.699255735659435,36.01621386632007,Medium,1
35.1463358579836,1.7954645228606685,161.99574873669448,2.944051350781116,11.90784924788772,22.780075571285618,6.344531397556031,41.497895947765926,High,1
51.50655960044492,7.290539456386471,47.657934110618314,0.44611084028619297,-2.5505051334432616,19.935012894468628,7.640555898524384,10.025476177544373,Medium,0
21.446671080951592,4.315124924149162,44.8765959599591,2.154915314236292,-9.703216333266017,42.54311942563456,0.8380843348716427,44.44439698282413,Low,0
37.37570756562325,4.891116037630126,100.90058481096716,0.8739335752257898,-2.4836089859813972,75.5494657014215,1.6071558489150561,16.10967253239814,Medium,0
77.85886256347013,1.2803418351405196,52.169849192417786,4.935500429620583,4.451876229620791,60.50714851807668,7.3320480495297655,0.6702407125995513,High,1
28.069340289078927,3.3361880434754427,1.8174069902432644,2.805751062175872,-0.6015406149176666,68.86292899005433,4.31365456388002,42.169582316453535,Medium,0
55.97156651789045,1.303087634870176,129.6595054597603,3.4371843047043367,3.3718188939688813,28.232635073194245,4.459652704044057,47.09106344823633,High,1
32.76330449572864,8.912671953411229,102.2187642944796,1.627091403413039,11.914952970875468,48.14353459576055,3.086076816354366,32.77790987086744,Medium,0
64.14311879806205,3.190570148966774,89.10356289863223,0.47369457389672076,12.812126355759213,4.4395264969327,6.073563834777438,11.571831523171234,Medium,1
19.16115625028449,6.016034526157073,193.39370292366306,4.879354313917683,-3.350648383647197,81.75324159581207,1.851650454162026,12.587223214126519,Medium,0
77.88747315549813,1.3508138859501737,114.23983679258274,1.4312951769159161,1.5535118317475178,98.98921622398747,6.269162793138956,23.329643671780975,High,1
41.765267896854745,7.001626521750922,172.6863155578769,2.1190409258678713,3.7286003810362796,40.68790626246709,1.7379885713523968,44.891553980070974,High,1
26.523532434252477,3.907246111786845,27.890047241032036,3.249319608512875,13.727811422206177,1.096365313154335,0.638260347097136,7.479882807377919,Medium,0
15.144772313100885,9.081272682618993,113.84129262588554,0.12348648843055643,14.965432979109616,16.979263955094737,3.3035768869906104,41.29868347917435,Medium,0
21.883053356127853,8.993063700406323,173.5959253461806,4.051295652586434,-4.114818778961834,65.25268777504188,2.3114034200984768,14.565140435257518,Medium,0
46.384176398921234,3.92761556525573,116.6211514559796,2.6828909501431015,8.174496783645386,61.207931820385916,8.889916385563323,40.429308471454895,Medium,1
33.59022235019004,9.108648061214211,143.6028356254003,1.3910859353441107,-0.549223444170121,78.78647195855439,0.549534538686266,46.01355988007693,Medium,0
68.02183561178266,9.96541906148901,74.40871356244148,0.30803992646234624,-9.79729507784467,25.388401096106815,1.7661369257412285,21.37469359971601,Medium,0
40.162126656326414,8.428740977115533,18.489903407413323,0.8124920773722072,-9.768686939102441,76.36319155471341,5.487196055830495,18.252532705276543,Low,0
27.409999081134092,8.60384212979706,91.58005902541429,4.475169294267184,1.5141501890563935,68.79840215236698,4.8106719084747365,40.11106594856509,Medium,1
53.2001490622821,3.2410786249818093,78.8958781677715,3.430121119679455,2.2083728251083654,32.28144977138433,0.4585201837470154,26.4741441189697,Medium,1
59.474405181981204,6.190321589719807,173.41203647578948,1.249508608184449,-9.435757585663934,54.548814805696196,0.07252428015144474,34.22245242315986,Medium,0
21.69293355306649,1.6053032257063107,48.799060470494446,0.32800382472514766,7.173185419357562,14.727380849832672,9.880679419611498,31.141461848058977,Medium,0
21.733345140182237,1.8542614313950274,193.3468455070216,3.4530765619331816,-2.649915285126172,45.256450343558264,6.588347003588382,7.644442282239816,Medium,1
12.566999885348007,9.990033508299616,191.62762396089923,2.8620386298388256,3.997327538398735,88.1197339555641,3.6540613090155682,42.23951801447809,Medium,0
61.548141054594836,3.9397532448331987,49.52632861428774,2.0225976222911752,-2.4770231708645305,42.11913798253908,4.704322476632413,9.788755570656809,Medium,1
56.46631693352636,7.733655208439617,69.6103910954641,1.8180572459503193,-5.82164212826732,83.9566706475422,2.6655012045428697,46.61410720353904,Low,0
43.22416130248697,8.259985477241347,179.11114817477701,1.0840713796455415,0.17934346497188225,59.02533652596944,3.4487378369320973,12.528564571107392,Medium,1
69.0919314278438,8.722209439065063,193.3244441792215,3.348056282687588,-4.193165880237481,19.187671310235675,6.490444672682139,36.6940486636871,High,1
66.39691070650372,9.978654676619408,88.6878205672088,4.853340138969353,3.3700244229792014,58.11062446978964,8.828117988673707,14.232769674679602,High,1
50.97480550777265,3.1734683673118105,64.19940912817957,0.8785762291841293,-5.029286742838001,50.598332915706344,1.8413002308118487,15.889270429343194,Medium,0
70.7789896359281,1.3631574417372974,105.2188026503084,2.985583100077517,2.7101494161156765,39.8641335196384,8.403615053853187,15.500092639115264,High,1
24.40888470257378,4.700723661951274,137.55384127314696,2.120925278729881,-6.0655371282783115,11.963043951607034,1.2155662951826907,37.39461270130416,Medium,0
17.834373357840953,2.1707260284605225,54.69490307499596,2.2334436087233245,6.774367737144624,41.670866384722984,2.149922235883912,27.840755898469656,Medium,0
28.882472806189273,1.2018330024584962,147.29463492381456,1.270736400639072,8.848442111035602,7.276237623962711,0.3717528804964598,44.14762279237486,Medium,1
13.99607992625204,4.243841444273375,10.331471422928207,4.125674378307095,-7.240144143751656,9.876905139875126,1.4081186209299945,15.368635960202242,Low,0
47.18186696007224,8.053644259677128,9.85889855288329,2.4262780207362056,1.6950603009334797,41.591653293271605,9.173031454640505,34.59962610283721,Medium,0
75.5623984606473,6.095626221025638,77.25754102910905,2.7170292609913202,-8.228207483628161,30.53814819684637,4.594387466183786,37.64742998315553,Medium,1
12.754047846795675,3.8150019028931865,70.69463841214412,1.5238045639866287,4.95456113855006,92.55443258622235,0.7766586177835355,7.574105651497909,Low,0
18.547693980701876,6.889078049434477,63.12664307343046,0.9090423283347487,-3.389892551758866,37.57058053802705,9.597268380389613,20.029467865990558,Low,0
41.65393197984047,3.0881636227792963,98.203952533782,0.42955194101410243,3.190611420967696,75.78581220721001,8.7899230775865,24.140874717520553,Medium,1
75.37125122695335,1.1294330146487652,64.14671646231425,3.5705957046245795,2.9365252346072794,53.02475263662427,7.546825208681413,17.784369494718717,High,1
32.13092734837254,7.8791804779278465,38.45158369361839,0.9811714084392781,13.10885865484501,70.40856686423355,9.33472791947558,16.105629798456906,Medium,0
45.50643660818747,6.613687763776082,61.893909817720186,3.4503767709439885,3.727080564218072,26.01159830153992,2.2012942083576412,34.32099469988209,Medium,0
12.910100133527447,7.86072362050864,194.980854562047,1.9518822302347694,4.574961992957891,94.19049728383291,8.363692930100864,10.793319882974428,Medium,1
20.38402406734622,1.3504421501889905,82.22268339896972,2.0788740049482572,0.041328144109507026,53.00884969144239,6.899911963543062,35.469537262556436,Medium,0
79.06410860711928,8.53407665047587,88.94255537166715,2.3458874804638583,13.72699007957042,83.13240712852496,8.697592495676883,46.752209819536525,High,1
77.55830875052318,6.57573580032673,115.30899799022801,1.8385425406377158,9.42964773599024,36.50456934761135,7.969115657426298,28.259876058887556,High,1
10.345798665408672,6.070558156413761,196.66815368284531,0.5030998861129504,-2.864867742428961,10.021134905052453,3.46495063176825,30.5717118369737,Low,0
76.62682497962673,6.621526433030784,48.320255287152605,1.5481590500142288,11.1052396444058,67.37116477208488,7.743985370172556,3.4466351062044542,High,1
54.73839564708503,8.779899221815278,136.25642210648675,3.3186718034696923,0.8099090046272495,0.7759648337424485,2.624563029848903,43.22384518089141,Medium,1
70.75428061640154,6.282428559030164,143.19693870834482,3.328922007344355,10.716678588339848,47.52929765655083,3.2859216302805483,14.272389359993277,High,1
41.83178989437014,6.228553418993614,121.46488335861318,1.4311215361999718,10.57220170733755,19.280190266645924,1.0790571722297615,30.752558276428243,Medium,1
46.09172200054752,9.916112413591893,17.715667927328816,2.30051313278844,-5.27824533092864,62.737550443536215,9.350766159804687,48.95560848724011,Medium,0
44.21926061798441,7.810571503617112,135.3744551655153,0.9672361400596874,7.528528284589423,97.94198731378522,2.9100336340028155,29.77513002864039,Medium,0
56.680498028227305,4.980644249060218,12.818942207235096,1.0518604076491789,-2.7339257673367223,46.440290632064595,5.2062246517145185,36.23547437321888,Medium,0
19.775587832941902,7.366573000296349,119.22852990997939,0.11523544203303704,-2.562683250183295,81.74982565256667,3.9133283646619264,22.265980911187594,Low,0
12.098151291087456,4.503074245226096,147.91623544434853,4.483732749538723,-2.5912980779854817,50.7784186951121,9.599281205835016,3.018292175752868,Medium,1
31.555095911383365,3.059879162351491,42.193978123990085,1.0535333253745311,8.139206188998704,49.584003110402406,3.350491709384824,39.879967474489426,Medium,0
59.32765339156527,6.371666891989835,168.3244015085548,1.1376693846823165,-4.2543489551865985,93.04234931787778,7.785458214226891,1.7499420631992835,Medium,1
24.129741648606384,9.353638883025564,6.070761106600853,1.398007163225659,-9.977354118847744,88.99658687466815,8.5541615463118,35.0328914443927,Low,0
57.14027033274421,9.362255680139164,168.7625727316612,0.637040358477145,7.8809213370658275,78.58004651879745,4.356064974809659,1.1460786574818471,Medium,1
77.89384322750892,4.077147502949413,92.06581012855301,3.196314415906814,-5.720381404121868,29.625575331678412,3.7817181445293127,43.11526182883353,High,1
16.573050105259288,5.749097195995255,43.5175879863289,0.37571476588793284,-7.387940117304134,54.50084157239405,7.477458209326279,7.881801791649029,Low,0
57.08214827575884,2.904723087128751,26.7556289987936,0.6710121316317513,-4.0620969851484965,22.3897233305685,9.12895980306234,25.713574772127558,Medium,0
41.06251535131998,9.960679985489952,190.66143351647452,3.2237836329504646,-0.5024869419324002,44.39166980465398,7.549317330722383,29.857535224157367,Medium,1
70.76995780642538,9.830061170811422,14.533117516231343,1.6983031024072137,1.897658186830018,48.42130657597906,2.271263655918656,22.877270368670604,Medium,0
22.400485261317012,6.845580367367026,39.81868398718513,3.5397391335059454,-8.885748982184229,83.16400401693309,8.883077474377053,17.03817446744436,Medium,0
58.48381665583152,8.23972653709726,69.5644694866092,2.7871237233507102,14.264333315684011,89.60283653249931,3.875816674368331,23.390714809048585,High,1
68.66807027536771,7.4359014515533,124.04696979222409,1.2801058653075654,7.9015763354889526,41.462006239647785,5.7622941177793425,15.570787694057936,Medium,1
76.12299536318163,6.338423971355214,108.96021705521967,3.2541397524466404,-1.9201483668915964,1.7704445073237207,8.31435619292711,21.906117354043158,High,1
57.82736198027521,1.4801319729000793,25.128698482462795,0.5813684014644033,-2.032568567865067,86.17738397893547,1.8839476740049221,17.945649549901532,Low,0
44.80223348058991,5.092879082973949,57.945596747642924,2.682051915400152,1.2135637342114847,17.42786785013607,7.845101356775531,28.310241175357266,Medium,1
53.24930681408497,7.073076719506695,47.750354217204816,2.185740525225173,5.656120569075823,62.188196389039355,5.961627979106775,11.896208112249173,Medium,0
70.82334891351027,7.097784524953162,42.708570898068274,1.339367914087204,-6.340673335275806,2.4970900434131194,8.933416418276082,49.43282774570063,Medium,0
49.94268226471808,4.358103565801453,82.2288672959974,3.0200249886975006,-5.276754655876192,39.95064752605643,1.7197040184354295,25.043497669108277,Medium,0
12.12709417877858,9.475227879922276,140.80629051833137,4.356667961701413,11.485864570838773,98.59603021153498,4.206822370409284,9.708103870725482,High,1
75.16640868548845,2.5062132901310292,43.490586443447185,4.994523498815384,-3.593626902773186,10.069360110380309,8.328430928668375,23.853337478363624,High,1
58.26687257220928,5.503235015940046,73.33577594059628,3.0388138437171226,-0.4951250506205618,42.369315199964234,0.19231703456760174,43.320756476241215,Medium,0
57.35593700440725,7.217955788957405,78.18348536823245,2.023529371645851,11.781796273752926,30.714995018995218,1.1220136676564285,1.0903396562197798,Medium,1
25.097260667840203,7.2742222530262834,195.29130588708205,1.1260355010810081,6.578695734995563,90.50881233882643,9.905652127567347,33.97770595536444,Medium,1
56.121982916286,6.83775061091934,190.93327137581377,1.2854804469755587,-1.4572030164577914,86.93401079073551,2.8039417859035054,27.398389839696403,Medium,1
37.570508395791094,3.4775939210667417,160.02751655041519,2.3972748907488284,7.092488643115519,23.769876030622882,9.755431937239534,8.477899718506777,Medium,1
55.58630839290444,2.4058591181795976,48.331784163837035,1.8363885064035461,-9.507919615464658,8.118778705043116,1.825315510086739,40.87382196524603,Medium,1
17.461512121559352,6.723462941440398,13.607462818333937,4.569072613124721,8.391066500284131,62.713839406111745,3.6109444300733564,18.444231118700284,Medium,0
56.04917132221252,6.393719045254939,63.380827544124955,1.8414773382785476,2.175401012905987,33.636871188370975,7.528694445035706,14.690101440775372,Medium,0
79.95896080394665,2.6142040926031687,53.35890988676617,1.8672229557271773,10.32955368211153,67.20843906060631,6.577784072381785,41.40625959284505,High,1
13.374842720238922,7.34625231013507,101.18516002927878,1.917672562169885,13.865941300161708,3.2119756067814476,5.811223999290556,31.92625230958323,Medium,0
78.4021928954922,5.096547925602907,155.5455820135586,4.183101051838291,13.144713737364208,13.339923517748941,5.298991758050075,44.91295418374122,High,1
38.483557250600946,7.009845324428376,171.6645877757716,3.2539416042345093,12.73162608638352,68.63722327726434,8.434404436647402,31.49418518355997,High,1
70.95274152360814,8.536303717931355,168.9728170821017,3.0708442515944636,2.8042488983471787,21.237065530249776,2.349485628333927,37.040882896605765,High,1
64.76698388407914,2.5275558571923087,71.93511224461355,1.6707151119193109,-0.996447146526549,85.75876757624016,4.424709269935184,41.822294812980644,Medium,1
49.69113826906675,1.17230381197153,137.44686869213658,4.089520884162197,1.6258831182668194,5.859088771013543,1.5545229215645728,2.7369817954968454,High,1
61.69144464759285,8.011923277562081,62.566839504844005,0.19181930677850567,7.2474000828340195,21.54819827855746,5.959415957307044,38.80244794346901,Medium,0
71.49608929109435,6.487276826373543,12.181108647036542,4.353985861690566,12.099944421779668,99.85602484850686,2.5054442427132018,30.685324092478837,Medium,1
38.28982251557231,7.296756126599095,140.31305312058845,2.563749498969648,-4.825342424997011,43.30761025867926,3.3384206434338584,3.4753898257596614,Medium,0
32.892321309426706,8.543394774897783,1.965510513957569,1.991251174317064,12.954828961542576,70.29656635446435,4.712507166235281,25.428896093435753,Medium,0
56.73153698945093,8.225298413420504,81.83651749169772,2.4858364035884284,10.379505799247227,18.266304885701366,0.26770585703127847,4.122903899197694,Medium,1
66.5492159358881,9.648281322359422,65.87585386041515,3.3370776526691555,14.471400379455865,60.98687349855377,0.9193793592083765,36.79736008616112,High,1
63.359959434363105,5.823415709669064,138.67550770377048,0.0638271325894868,12.006294332042179,72.61060683694186,6.859292207082196,27.325085694894153,High,1
65.84695542010441,5.396460693939148,153.24909455207577,4.357759282291239,-3.0015667577023337,31.447663586651053,4.289699807175072,47.678676870614865,High,1
40.49083203690531,4.616984799016571,60.818927194256766,2.233697626556964,-7.351102216398807,82.88971119758777,8.647902219998954,9.156768578588492,Medium,0
67.24839513225152,2.3832193855978407,162.3254028889707,1.714832598500391,-7.1939732002102845,60.34175784722833,6.946720036441994,30.30167262601892,Medium,1
18.41463387594259,6.153465095938202,58.783352100986754,0.6912278281702855,-2.7194170355430973,38.91230096150302,0.08100941647322446,10.579106728524568,Low,0
48.11423685725947,3.493112718933809,89.26527199731224,2.1973268717922108,5.354593099613481,55.76423933431586,6.167123307671348,30.703249236369917,Medium,1
10.40310623486851,9.291767609916779,145.4037054028268,2.481613856421894,10.108008152429313,57.676084743592426,0.9372486605971642,36.13248511804282,Medium,0
32.72100809301892,6.248717238493878,138.58404584495773,2.018233472467389,12.481257674539117,16.5535292693866,7.809331797904942,36.11521646647693,Medium,1
35.65230744099785,6.335561624572992,197.47369446244,3.3933004691344855,5.59383460923082,40.27323698669662,9.91507688278502,40.7536995341305,High,1
37.732088412647876,4.194321947893091,45.03220484318638,2.10448264379613,-9.859217181298657,34.34305880194931,5.311987942415115,42.677511397915836,Medium,0
58.68270446829035,1.4679041677993674,132.46358270791646,4.807087889232867,-5.342080587036662,40.09027225791261,6.827795001941304,3.8635863133588524,High,1
37.1990670889242,1.2856938883568976,121.93638165515549,2.996387589117959,-7.506844903665801,76.11105884852579,2.3731416089475155,17.163357853620205,Medium,1
41.408553583577145,4.810016297378778,183.019690898006,4.037389678259545,-0.916888110774749,48.253840746667265,4.375977437537935,34.356126017990285,Medium,1
26.628089161202922,1.7610884028751408,31.27242832897501,0.5467795155473942,2.533774840843648,94.03161532392643,8.560953322363837,24.929314369560608,Low,0
36.1276254140538,6.461622599861252,150.3596327173866,1.9864564647295286,-8.915070535535978,29.36764133584362,1.6742294774625122,9.533797337739575,Medium,0
25.908873908420603,8.928757050756916,113.65372325375367,1.6842385072357635,-1.2880506051086171,41.5703578284929,2.655356056137621,27.6354785083349,Low,0
15.123714663791056,8.9462333486685,54.93317395758108,2.847411940682959,-5.520508134366936,78.69568104790415,4.454336752860302,20.371782638307188,Low,0
52.24140153669645,6.931408691190091,94.88698282943481,4.305567600307128,6.176754156471848,54.60245933207503,7.12248891844014,19.501913882715254,Medium,1
56.774895898851135,2.901086483256379,66.75531941395955,0.39169108881003334,1.6068092331085004,54.70281464244478,3.7588395479567382,40.48768587178319,Medium,0
53.36432422067301,8.766971482229849,115.86268055769217,0.36287399022355393,2.3829411733477195,5.334016300518352,9.277322797830038,20.37991669160906,Medium,1
42.44458306604007,8.974840917818874,177.80012216293318,4.251588540787995,0.6922947008365271,39.85996627184558,0.9445705126871917,1.322725274021208,High,1
36.585004612546086,2.769882264576628,113.8609968824404,1.064250430191787,13.900492762164175,27.073373242173247,3.708041975448475,2.903166944554564,Medium,0
70.43335547002776,7.636834771936095,126.34448366531682,3.3437662722490686,-4.6316218719609195,99.93351228311154,7.089541234284219,42.81220208458102,High,1
46.33572495953526,3.5786759403441066,103.74956942294189,2.7143906618040257,2.916606496096858,30.835507063231027,2.2598676566149245,48.030040500626065,Medium,0
43.54273143408117,8.223762811176368,10.233101289095181,4.164467974436147,8.400434209133397,88.44965347938634,6.564131342296729,34.42046682278538,Medium,1
11.794944606450498,9.975141099132424,46.57171137521885,0.6254445491820176,3.921110328364064,67.62337350404775,1.6421695822734594,18.21841470500401,Low,0
33.887347933830945,1.2702340479645353,98.40034588641655,0.6489148286130564,13.225522142920028,34.09164091920904,0.5598028486168638,46.93001578973637,Medium,0
36.613693315009996,9.076292792118387,62.04705674894095,2.7840918013915377,-0.5507911089678957,54.353437837412365,1.2101571674864886,33.14015431878679,Medium,0
37.91759466278303,6.603674802387922,36.352719552238845,4.731893266791855,1.5918951443294505,84.05358799491938,9.299847831341348,42.21667745996688,Medium,1
50.61206584591326,9.760443572483391,100.82656838368766,2.0749887918537713,-7.78694211963179,88.33682980309119,5.5175088293955135,38.29261520185047,Medium,0
47.352178270881495,5.185085657737848,64.56195868957006,1.6347105012734748,5.224977776298212,16.03938750061452,7.96345775479649,18.95696578862962,Medium,0
52.553356495541124,8.626491375142363,51.621528634682946,3.033446615989429,-2.794700788797349,33.95731412081696,3.326545009050512,23.935110042539275,Medium,0
63.541828307948975,1.561546617384495,92.79708348807615,4.652243002725156,-5.992274012110778,33.522318021357165,5.926586478854467,9.306607718404974,Medium,1
66.90900171012655,4.017511450704662,26.65685161643463,4.184639164223118,3.6132823226127018,4.204479607594469,4.949521337049916,14.600705022036703,High,1
60.268615335854605,1.6031488397608897,185.54914661508147,4.977418053666099,3.307756584497765,59.823775985189656,9.45737959402294,38.90628306432609,High,1
76.88665871684543,9.778088201311634,173.5404195838478,0.11284291601188545,-8.10320896939881,85.4820052992188,7.475746360541104,44.69891959415541,High,1
11.276280787345314,8.352765165446531,141.52411714810705,0.5642907235638112,7.455386337361819,38.15743878255178,7.305426314965791,36.22302116257059,Low,0
23.704458997848228,8.672926791213735,21.242765517691243,3.04733881683311,5.594304766271322,74.0035944984177,0.4635326943427953,23.258684832831918,Low,0
10.529401248469949,9.441687082905048,155.1754508939386,4.102882196669249,-5.27456793133757,62.77004136007399,5.496696690036911,4.325463446987376,Medium,0
55.32322999082221,1.7659313750780683,161.5914656218038,1.4262217115338327,1.735871553851096,37.56487354930008,4.669914539018149,2.847397434922411,High,1
72.86213842649909,4.47037833262,153.55292354286755,1.1960554401710937,8.008072911963998,14.105979949229708,9.278422666061946,18.71627823064269,High,1
27.04376076034095,1.639314001396019,22.79317742384823,3.9348789969060043,3.235893513531913,70.93238527759674,2.5734198818953224,23.191085938383154,Low,0
74.89241813574147,2.8971379139502575,128.78159141355295,0.2819092692661579,-0.11277309541074476,85.45651689412405,2.698334532910943,30.456031110664846,Medium,1
14.21871732026926,3.0642919933390513,166.86495914987972,1.8469132379129256,-1.9415385479764091,68.58544924014919,4.113462488815004,0.3244760693498605,Medium,0
75.410521876386,5.221964899428208,115.47068024393354,2.5290461129616486,5.25984666610134,1.7878484034818065,2.4336971340637605,49.48614452331532,High,1
34.61358810677441,3.4170595070827834,129.2814750456178,2.801743371751617,13.477717457756015,21.623289439099125,1.291839178087495,18.196944170202144,Medium,1
17.099457991445156,1.9088029613598498,91.67269588526123,3.6430757839638845,6.793621011937085,6.947998488353191,8.574148466508008,42.40473319005607,Medium,1
44.01102314304279,2.5074198018469693,105.74146397681052,1.774228617153291,-8.131352409092113,57.038609957622675,5.582765244039159,26.74833528327022,Medium,0
27.974359740435556,2.3254800719688182,6.875371670345043,3.063421723373036,1.5171243370533443,75.64776788404124,8.613627189565667,6.521972726667324,Low,0
29.941103137334597,9.757691181210685,127.79260439465692,2.926877113954782,12.270603287765688,11.057918706865944,8.31134765403696,39.878277626726096,Medium,1
31.51029754484006,7.833632562266263,16.28944257823184,2.7380805032687356,-7.638439354972828,83.83378205933852,2.820423547896711,35.491353745993806,Medium,0
66.21181284828644,9.709853187426058,87.00291886804467,3.202416465711061,14.721892803438584,55.55089783954832,5.47737444324274,26.3718042464614,High,1
47.74128936726781,4.9576643785711765,58.53101953348157,1.2972458553403814,13.726734841135533,68.9969012141725,0.8321770274007045,25.727654566689,Medium,0
31.791538940920255,3.5053163349639096,109.08559004234262,0.4232437679231449,-8.043137981753103,97.14018486086462,9.152518840307584,4.373980287546403,Medium,0
52.723364831764286,8.18463877488268,26.683267104641416,0.5963583601987171,13.335333011238873,8.368098824769731,4.042627150651531,32.792447428693706,Medium,0
60.13054719562355,3.936285262370321,138.32868039466365,1.1229119132695053,-0.9216852435134448,90.12240229777892,3.936761838890214,45.56225778771499,High,1
29.083680051347365,3.6944503633481345,159.00230738569408,2.5009896776139264,11.117729176896564,12.610269598740931,3.027553706179532,4.662245961067918,Medium,1
38.948437106774605,3.0925539298704807,32.6708899486313,4.202213752730101,0.459583442831788,39.29588066366823,4.606637447107039,13.175572532445246,Medium,1
18.53202653358633,2.167110804018118,20.86261747037643,3.5064667104419205,1.0213778175628967,85.14386963311144,2.5175938654544803,45.11539867210494,Low,0
22.680454467427623,3.3081675491508937,29.10309655747183,3.9452030210102356,5.856077274438565,90.62542367378683,3.7485227279680453,14.217195490989665,Medium,1
57.6782497775488,4.1978777362649895,175.42551237970034,1.7548781196304568,9.361935481899584,50.63716735451453,7.999470485848819,32.69718360899632,High,1
22.700684338693886,7.065947873311574,105.63785235127123,2.023268708242751,-9.155271226293785,59.410463827542515,8.342555035851719,26.740908247157208,Medium,0
46.76143685669421,1.5630835799750642,93.45219920150052,1.9684094299530641,4.8288998881783565,70.81473345985572,3.0418247762851616,29.816380250193102,Medium,0
59.633238320570285,2.8945624569880866,21.342363820470855,0.9593659220225076,-5.331675147565726,83.27586684527142,4.690144305527879,20.789445078862656,Medium,0
17.48138461663207,8.281212762625088,129.91120135139235,0.3060832907178601,-1.3512620534199264,12.151116953766616,8.738197762800523,14.999573527685556,Low,0
49.71185537402325,2.3222973122539368,173.599918379018,2.954580464136134,-1.3007833461195877,81.00693082292277,0.5267333182969713,2.4266725364834487,Medium,1
27.959394859095465,4.083806318702694,165.6371738646906,4.946083417102931,1.7265085055288405,48.127615051161676,8.891449619957854,37.21404696470821,High,1
77.40488126663058,8.78193029672326,125.21094179616026,0.8341485247513142,-1.6465897030956655,45.0623425108169,2.191843456523317,37.30467310971134,Medium,1
43.84819527039473,2.394327800290984,15.055743330334725,0.23342409949636878,-7.315972038733306,42.389975199699826,6.785392442143758,33.53628700393616,Low,0
66.41947848426106,1.744631520563709,22.479405435202594,3.8976584091196647,-6.359281536863714,50.92115852460426,5.8255169638460025,32.18168940598103,Medium,1
48.515857950938326,5.3608419557200975,9.861797421964935,1.262930033423621,-9.164050360972558,94.50505533946036,5.529407481892521,12.18585660837631,Medium,0
13.038877299837342,3.7217756015068275,51.49584329849386,4.148219026764642,1.7562271332188577,54.82037727921516,8.593602247528214,1.1172466883145604,Medium,0
54.320596291581566,6.070675280354687,27.13229343207555,3.519683335172577,13.861192371324712,95.31775382631392,1.0157214364466127,40.43576984427199,High,1
76.598233954466,8.234244014351276,52.009608050486776,4.728367685254023,-7.108119408797086,18.029013061564058,3.4702802532563606,24.556926784791344,Medium,1
52.112827410243185,2.2343363933746883,77.01161114379234,2.0446361787833602,13.65661232507705,72.41359788326332,5.382527463447656,15.341906535130917,High,1
67.34322015987532,6.226291760988564,188.59655681422714,3.309849197253171,8.334037868302339,81.22395386087472,8.112888539460398,5.096595339028504,High,1
71.89445243438854,5.549578843508775,122.07521195633842,2.3242739040663536,5.9374700733540795,67.91288313348619,2.164430834116715,3.1360795450694203,High,1
25.965584036425273,2.2967090741187963,166.99475713659245,3.1529434865427177,6.131943883089073,60.692228022654035,8.029298413742762,17.443336089758866,Medium,1
24.843138793575864,6.615986369760842,142.07030014246644,2.2479945300386865,10.668191209907052,56.48127810861823,3.9963848249393576,40.236853238347024,Medium,0
52.76866921956942,3.462763760746945,22.500626105326347,0.9431612321203742,-7.327003390504466,86.0930482578696,1.889138564336954,45.93618746669152,Medium,0
38.77199288646933,5.390508866896113,147.18408127478978,2.5394870800169045,2.618858089138543,82.16465971645,7.5898644044348265,44.83756823065323,Medium,0
68.79029120067042,1.7404509184935568,55.019776311824884,2.6429210071872116,7.427278456518963,12.228872118059952,0.9089890147454782,46.000041737482746,Medium,1
73.00161863786079,5.136256514922607,127.82156939894126,4.053019241300805,4.6705111268390915,84.85876570308781,5.1476737407544295,45.386267156467134,High,1
34.73949655119027,3.758171212385383,68.1923947285977,3.677603528967906,10.819476775582366,41.40686194404425,0.6387578386188841,26.361237580019793,Medium,1
26.580939128213743,8.401430900668188,199.53445265293183,3.3189581197072204,-8.193207274716213,25.369682999581077,3.564178551577876,10.970781927845191,Medium,1
64.63678606707033,1.5128085429763145,52.710295899355565,0.5669354777628627,7.267525987479148,86.97685680139259,6.010767990063926,39.90232914184102,Medium,1
29.236422488369527,4.767465474264969,55.826094154853934,3.603081453318575,3.3506932596179433,43.20247996337416,5.561155414872131,10.68564874262895,Medium,0
67.58300229595748,5.1258828171829425,186.13445111247967,2.501525781772574,-0.5209784005014145,80.83646901768167,4.046554179046665,13.360363837828453,High,1
39.6616777554134,7.5250546866920685,4.928880927264534,4.470497680530796,-1.4931254441492285,26.34036119558445,4.290479939721157,11.662716091127423,Medium,0
56.72849295040293,6.168588175811899,139.33779757463938,4.599354670652714,5.520815819354822,0.3929321422217802,2.2676955335076654,25.749120184790293,High,1
16.687471968426774,7.0049110347476296,145.06527814717563,0.2757829530089273,12.27488436610662,49.545919290294435,4.558825884241029,16.091375408453995,Medium,0
53.67015272736011,7.993443570865805,167.27571548207987,4.103207801772394,2.404398152527882,10.022825664288426,9.532548557208342,7.707802481267073,High,1
41.62373751160604,8.7598267629237,194.88786212769506,0.1884869521133531,10.618079101923003,75.43759555249096,8.504529177837904,22.65867059469412,Medium,1
51.06259242228319,3.8248794705022346,195.12038383133049,1.8358481284751131,0.053909546099187855,27.607513606941037,1.452328690763438,43.69536193925835,High,1
21.760994542140438,5.842204348275127,13.055351513292779,2.7114998781053954,-7.440138430170586,44.364564660347874,0.2978078732092093,28.52764274749861,Low,0
61.58116214609275,8.5609727059528,164.3678645505805,0.7405039931356372,-8.462356588534035,8.703356509155425,9.335243127166306,43.91678029437935,Medium,1
70.39579542802599,9.905060178685508,129.26198673147627,3.731569062845384,-8.71664071690806,28.665924844725264,5.267497498807476,9.79360925395687,High,1
25.171786006354296,9.005673799393868,129.46842687461825,0.04177352086069286,-0.4962464510582515,78.1490243258572,5.378378231493077,8.348693683627701,Low,0
16.70001888641132,4.343205363619391,25.66998532293896,0.8429952421701842,-1.5690562291039485,15.158791190231947,7.807179957065223,28.778856284921012,Low,0
11.654701023243547,2.756498654967854,130.03743328913066,2.9039841492673784,7.948425590564238,64.71595611269574,3.1468897387132655,23.166445077313654,Medium,0
54.938005031028624,5.404532836659299,196.49651612024957,3.571937810186462,8.570537539621645,91.74258528045011,4.819075688360021,33.008632082347845,High,1
52.49658252621465,7.67477306652438,182.3637139078894,4.583215513469581,-8.728650779156505,67.98367597577203,9.686629131467376,39.731339551339076,High,1
48.2688188899849,5.433121636779679,87.8261321609701,3.527483259673119,-4.471918427774626,81.10216892922269,6.721486869324071,37.565364782608825,Medium,1
26.23629672811828,5.3486277698230165,7.989594657218868,3.3588963512743297,-3.1434537460275074,10.89716293039158,1.5374503199578593,47.113058682928056,Low,0
37.36341971338603,8.544073789736204,72.45869800004097,1.9717057317533215,3.6902996035702356,25.073182600205445,1.332267479843533,19.91282045785058,Medium,0
51.613343463032116,4.252634011604677,165.27806232011105,0.006422127634007069,-6.387119402326244,89.4538852240591,2.042647583330054,10.319337112409038,Medium,0
44.773680120141854,8.73815207330481,140.2998202930332,0.6007962936781097,-6.651469514999991,71.51056136180893,7.667116744207175,27.54563199739429,Medium,0
79.14498641504211,4.661243208565512,91.86873111879127,2.672772723780196,13.59472223019895,63.95538263773112,2.9537700384061605,5.53715600955928,High,1
19.55078267897132,3.9540979511050547,11.020307031766219,3.3756494292220984,10.105072682444526,66.37667361217,0.21388846675079787,14.442556166581571,Low,0
58.66011878333156,5.085909200797291,85.37894556466053,2.0872414194823126,-5.4836274477207425,41.420055430464345,9.441743635056618,10.394402763157224,Medium,0
38.30231376730045,7.862022628073816,93.8049879435767,3.653395057641951,0.16419519763727408,4.455663161765322,1.6971341639491067,19.828185839854047,Medium,0
39.973973044793034,2.1340182507759486,185.71110657882718,2.609311476660894,-1.1094500185608613,78.4441542070729,0.09558186148068581,5.560828750110769,Medium,0
60.23184359607234,2.7677729428481563,128.21722071643188,0.37088097797156105,9.775101851635183,67.87132362153538,2.37131602383323,1.5920872274048925,Medium,1
58.47053059270588,9.563003430967827,62.33058333092978,0.9600812548397442,2.7553229119530513,47.28044641127247,2.3502878711813366,32.83970023150159,Medium,0
79.38791955915318,2.5794246464322166,105.06365289014428,4.1999911162197145,-6.803756575163325,89.97596153682575,4.220052508457231,30.512448914490243,High,1
18.987600261788767,6.109545861379491,13.211061564432015,3.6245637331221974,8.474801578906098,33.615966498509884,9.203898315000368,35.417946801933056,Medium,0
17.287675456891645,6.213830199957441,194.51364712994737,4.473809935062475,-0.07780054437702633,29.43217442312359,8.79184917779098,33.0193220135672,Medium,1
60.703717199011884,5.406620158452203,72.0119803861452,0.5877862456046828,-3.4268938091963235,87.27963250794429,4.56894554982428,5.714734057119175,Medium,0
50.487084190448634,6.802707237191367,95.57347098262716,4.95111267307537,-0.6125344494819962,79.69876547589855,4.108999049918065,14.553944068782315,Medium,1
29.19124665918641,3.068440532178566,71.05679484738452,1.047033569749668,2.4439140901724086,51.49798106483448,5.550090864748513,6.476330495017618,Medium,0
15.559355829229062,5.973960409990734,136.50234602324002,0.05889938143321005,-1.422112089574764,13.073473945784997,2.4345401197176573,42.14862010242816,Low,0
15.996077471750137,4.349559297222075,132.4464316659186,4.9871146952677705,-3.9523556852060544,21.507147146505247,0.5218499196636284,37.345182767776166,Medium,0
72.59336122648828,6.955005336662701,143.06446210582712,1.4053694272255657,-0.03744927990049163,65.62279904088066,9.392241361712067,10.076350145912121,High,1
23.430712730312003,2.271011890358345,53.628645922384166,3.3400972625627996,-9.520677231252543,38.50412378404117,1.8669898487717274,17.06546202449467,Medium,0
32.63600934808645,6.137896751555286,63.13369623281319,0.883411570881526,9.312446152407848,83.64731916659713,1.984007292457164,48.33074961321071,Medium,0
25.86594815588916,2.6674331984499133,25.05024621924159,2.9011426609957085,-5.726377660810355,94.99550093322041,4.724603288539476,29.707967893982573,Medium,0
34.84974140823561,3.5077875680353277,131.10199436922252,4.520174932272797,-8.90238465923407,80.56369252749182,4.916133448403307,40.05777986505786,Medium,1
14.859668992226535,2.968388202912249,7.95942546713051,1.600905837142193,6.34246732262698,37.754542299555716,0.18434209700741944,13.229551738436458,Low,0
46.334185363578925,2.645540018819354,119.53646710469181,3.351269880221796,9.348403220591806,78.8686429231424,1.479547387739707,10.502646008965261,High,1
14.732879451455043,8.431398564046003,173.93917697032677,0.9395179439920825,10.34572828982108,35.14416734706835,3.7815481856074173,39.19584644232742,Medium,1
66.02495554756531,3.571368108948013,178.1664296579267,3.1239769935936264,2.337729566514999,16.71000877656339,6.83730693510539,34.29362276157201,High,1
26.35984573373031,9.344114036780043,89.80755207399234,1.6822517590875508,-4.865795382750368,3.3393204865857395,2.2841845683193585,34.04889646058818,Low,0
47.80083402231574,9.729338728106718,91.86073764261475,1.0560412929397582,8.430691931245669,38.571671276102,4.230144462417627,27.631729091459693,Medium,1
71.60553612930208,6.1413442294338765,15.393836601603471,1.5659102535181757,7.492826928858429,90.35593036972818,5.573450647164668,28.17891713882744,Medium,1
55.56141583330359,2.2870101039915376,134.15300508860716,0.8942053425389968,-3.843231647420669,23.89865877556765,8.88592494623292,36.78487526531269,Medium,1
47.307045058593474,4.370934190416231,164.2518840745691,4.509580539189414,12.585193896569825,20.6513164929784,3.260705023271233,13.500124056059764,High,1
32.70336271807629,8.179590370133926,48.93101092094261,1.9859344315856442,-7.390713547929275,96.98207852410403,1.3355826586348352,17.638423292847786,Low,0
33.31013391407385,4.306516558273634,84.26017632667293,1.2263965248718367,14.567205989783142,2.500411285059212,4.892722258976082,43.581838526002755,Medium,1
56.86408686387331,1.7831549647250986,167.76786735305407,2.2420392050796645,11.506195274436616,78.57821503937544,7.467216016840621,15.443260050607888,High,1
79.58975528548173,6.011064198353692,175.4240935324576,1.6026808340324776,7.19746613697688,32.13699557408704,1.0985975705273343,27.315478568964952,High,1
56.328743289456504,8.606087663464313,48.63599605284519,3.72209626906663,13.468747206995822,3.7487956869659333,4.246834916969604,35.1319732003342,High,1
49.044839215901746,8.163337484291521,110.11412690827285,4.856099559427472,8.057779208092695,91.78025402095837,0.17785141262483428,49.99624134165882,High,1
61.145535716747226,2.576108261173179,38.49863012716541,2.190168283488234,-5.2385750742488515,13.96423302095836,0.33559181647251135,21.764566574766597,Medium,0
42.56439285986027,7.0548815297122,20.37575282791131,4.305166999861202,1.0539034528202933,55.17792837256954,4.829533632166656,21.40464383124719,Medium,0
14.209963982054965,2.984538370920824,182.22410027839152,2.8293153677980976,-8.212424391709115,27.405420742954778,2.981972981509294,42.12941897168337,Medium,0
49.360777111453686,2.96386781096955,164.10150084642183,0.7861783254711674,-0.2585644427971151,6.519280218469103,8.451072990054122,40.27515556299316,Medium,0
77.03376991537661,8.866645959746666,152.00698036063477,3.453113710406708,8.540075493430216,4.992248566337909,6.021543061264543,36.55379408672743,High,1
22.271205965036174,3.2470205746620713,9.753263762628084,2.5671724856291007,-0.33891622672956534,11.555669883633879,4.539329617429903,23.161481870451446,Medium,0
58.3003423574466,3.369226118662101,168.7457585420515,3.2530326162605174,-1.7426456132966472,7.136701388938005,4.079353710542963,16.19695600803579,High,1
24.065358206133954,1.005880516851696,87.60881518107675,4.448437062858325,4.883893062757797,76.05581155199229,4.9724548018956325,30.436524129242432,High,1
47.50793791311569,8.83602130712966,68.47902465917193,2.2021728532802305,11.805113224972375,48.556620228342915,0.4043883121266134,43.811164656582044,Medium,0
16.767351475270374,8.133353318882213,109.29527220507529,4.505888116086778,-8.810420186347189,34.289209134897966,8.9279335642066,44.188872910429325,Medium,0
41.52596553807296,6.645960415816102,18.270648544711165,3.7533450714082743,-0.36323913250661477,41.83689101320071,9.983031557339583,5.4249172535219214,Medium,1
62.93143302266722,7.752391875449581,151.32930987047976,2.4430246293899236,-6.043981454618432,92.89467355726234,1.8148712485869867,21.41751419065753,High,1
34.330006696728745,2.3684371068204264,116.48701537765918,3.0161106782898184,7.383856268296741,91.07518127381472,1.2038296477461974,23.236097809937473,Medium,1
56.54382071410526,5.124912351288179,37.31801937463351,1.6279056625950572,-7.356885989221628,71.56764801225769,1.4357746344859523,48.88076837618766,Low,0
65.68149725528104,4.160974486139028,37.64643995380912,4.917986498693871,6.620193964506114,88.46823774216878,6.610270582343672,33.89990076212923,High,1
74.90244736356169,1.8439887363131484,36.849730314534845,3.33675581525198,-2.8454782300523167,31.964802758762477,6.6144083845077475,20.362320863103527,High,1
26.42494572988175,5.375174366934317,11.400477510386796,0.21923426248314948,-5.0270796565693825,38.110932600828285,8.479241622784109,1.30289429927965,Low,0
37.95211410665157,9.286656853083718,117.55968987433695,1.633109528740044,13.408813945624635,61.371218185422805,7.518263884262533,28.269258004959795,Medium,1
20.66912093312922,1.3605320714562503,168.0696355177016,3.1165721687952876,-9.536885581351104,62.36259472972642,4.496896733693397,4.8037987819178065,Medium,1
79.47384515108627,3.623148221444145,3.49964279747772,0.281666388996199,0.9444317972392235,48.169983801234096,6.128553615653188,41.72249786738816,Medium,1
74.89006775470067,2.867868425851331,9.80092899425471,0.11942095659571383,-9.459325188455155,40.06578484379533,6.8828467036800784,37.625933028518105,Medium,0
47.79699911963917,3.1433198829912667,114.55405533738916,2.2501211976390127,2.0898262026082253,98.6180311608695,5.127364702852252,23.02545799540894,Medium,1
68.94233060634949,9.175910966914378,163.89913707721047,1.66345089846335,2.5261844448604553,82.11236261177244,4.7565098445163665,21.460538977084987,High,1
46.467058409042956,5.212621488108611,65.34777811372672,2.1914930401658292,-1.9584382151313244,43.49801978880452,6.4509744564265326,44.866948278438436,Medium,0
53.65099816019318,5.196694716458369,69.92287976154444,1.313466549400026,-6.695955561874408,72.72924772395685,5.574745489756538,14.42291752090642,Medium,0
16.238710248121162,7.8451807820975406,119.26929949935518,0.8235887347149046,-0.5903115566381173,26.95616932524595,6.4394230533591035,12.45099810533854,Medium,0
62.868929434776554,2.390429836044332,54.8425778248294,3.4457167849016885,6.806573498314151,10.016932623732988,6.128547739633639,46.9598716412881,High,1
18.93994385446644,5.385388186900457,5.321673215536826,2.5728555813390024,9.559895216111478,35.24310255527406,7.191965605136547,40.46229183767413,Medium,0
67.82473411767698,4.869866927089538,147.04570362031922,1.0007710562468342,3.268765059703558,40.29728001233942,6.428035087828761,41.03127965335973,High,1
64.74196613692702,6.372196214919905,125.12998258829062,1.5979471312999916,4.74585986099389,1.6537124560670802,5.197424864372673,9.759690713796276,High,1
59.61212884200835,9.996019329253947,116.15119981113182,2.9590395383166297,-4.9845907218836825,81.47920016358961,6.817968112843865,7.1647995715467205,Medium,1
12.531226636733347,7.925040046738424,148.33682579836463,0.3611467413623892,-2.816741669308764,35.91934023891815,4.4948196518542805,1.301477490856745,Low,0
31.218984916173003,4.580791327156844,135.0461675124075,0.7372650463308977,-5.95260974869104,58.0418165780147,2.4167122597260104,11.852075445934002,Medium,0
28.417879893759,8.447977470466423,41.17639763566423,0.3662280205369506,-3.7676162498847168,7.396318727095597,0.014182201339154599,38.70952458571624,Low,0
35.20954852300633,2.5363752698123214,70.49620938867022,4.061586663570594,-4.377830494361706,17.499682875058397,5.5996414714584315,12.001920938207489,Medium,0
16.134992273468697,1.274173176780641,25.222028335725,3.7620461660600464,2.98621965978094,88.969372532756,5.90655226608641,36.45516417974381,Medium,0
75.5870476121744,2.8400353521784574,25.971402683576205,3.7665646593962854,4.067218894768235,60.86875278828008,9.720489647757143,12.595413268371075,High,1
48.76615684986634,4.063704005028337,135.23914927130784,3.58162671738014,13.623685520537613,95.02840501704856,3.6147833409427554,19.764624897533583,High,1
31.386701746061647,5.595226817136039,171.72002139649965,3.346927118349346,-5.110733822461924,99.87500343913169,3.9413324282831175,49.15811449557042,Medium,0
37.788706195199836,6.536162264870798,192.54651677222782,2.384959576890875,6.041892754037399,37.18601153330944,2.0179958134219023,12.24058656420678,High,1
41.30417783533849,9.195451454929795,125.66942350988887,3.211390817535575,10.431481724688073,29.880306408327463,0.7053429523732191,18.818531364913383,Medium,1
52.04160333524321,5.588686085954119,36.82026467219139,0.19180777393987325,4.006036594576313,85.83560551590968,7.728044928617406,15.054359023260682,Low,0
46.09755993875484,5.511480801631564,21.13006908978614,3.107322113283923,-3.6249086874731073,99.86114270374541,2.49681064339325,5.481249316500114,Medium,0
74.35743812500921,1.452187088406839,162.57019430735156,3.889388527684386,-3.4362442494999943,62.96412342324573,6.089048610300379,24.49470710654125,High,1
44.78744380340812,1.3142039739060143,115.75129527199985,2.501791801921951,-9.018673673225003,79.51407225115223,6.8777303554548155,18.934533166650112,Medium,0
79.45106103763189,5.960439657247349,123.65700420274396,1.7875666421361847,-2.3638943362879576,78.17458588152745,4.712366872916477,34.74435429036401,High,1
69.59974704215671,4.9436075192351,156.29241775094184,1.3871336740048956,8.615091975084502,35.533970821954696,8.763521130271917,40.87972734757731,High,1
24.595736005013507,8.552623554822688,140.6554455464903,3.2140102508104125,-8.81205606982224,57.42703802570872,4.437948409797288,27.212485724781928,Medium,0
75.14166502507413,2.4461162624066066,166.89165057121932,3.4640059931495437,-4.517617937379233,83.30569412642136,2.849086230417651,1.6098211043668431,High,1
18.145647851983327,1.2247449590534463,11.242781091975695,4.354837999312712,7.655812463294549,68.81138762610554,8.960155229616223,30.94611781173608,Medium,0
67.22147959438341,5.0413489113711325,149.50412734930097,1.7116704123049535,9.566289070571916,2.116381398203826,8.615642842499565,2.76953650104696,High,1
36.64363054336061,3.1373070107703174,170.17055146441908,3.8488615369279278,1.3829602515482105,33.67056688975335,1.64039947076413,30.817816179951247,Medium,1
71.45820243115486,1.446529360049537,57.227008491662865,2.8067791209466897,7.451858461966221,14.447569659460536,0.2596101835392095,34.25149746345942,Medium,1
70.76396830752152,7.52138458162866,128.08945479865056,4.414182453390396,-0.3011957836276996,23.297221207803908,0.8998555634962069,9.888381380875922,High,1
66.41477800823348,2.0043369996152274,62.832412767394416,2.639060541478104,-6.002168874396812,90.54894774913257,2.865473985538171,40.967307436088554,Medium,1
65.3021305414943,6.474875500069945,191.5942132964908,2.5881491419898364,-0.04626266192733708,3.689328891076815,9.722598017417107,45.55425657870243,High,1
31.327539736862853,3.529447751502002,6.684714487100751,2.8893854072045455,4.499195505078571,21.980071196192373,5.58516153160825,40.65434820569098,Medium,0
15.664349813587652,2.561464453195198,115.95856876659101,3.746576775712172,13.701332046322257,30.956935223823145,3.7326173202926882,15.255459510604108,Medium,1
38.2086125135613,4.417763706273857,33.30070940990302,4.823452394142304,-8.281226197783067,61.68840719663948,8.887160946127464,29.332150622281723,Medium,0
22.146716049055605,8.213011986006583,142.44404103543172,0.36781677107882826,2.684852346124015,53.41016900858655,4.531363314784996,45.74075745956139,Medium,0
58.64657622317232,4.528842192141155,35.178056683732414,0.2671730119550858,-1.7770055447318907,21.82694828533861,3.1523862840102113,16.033236311142495,Medium,1
34.22698085764499,7.756926842899501,47.076652379671515,4.687751687036693,2.7077923569173636,16.424106722315447,9.412195287456575,41.001391113271254,Medium,1
78.29271406019404,2.129376671192356,98.87416220915162,2.6493781275910306,-9.400613815586707,23.679803459611882,8.49517666192678,0.47375656308482617,High,1
54.86804541417324,7.954942776985712,182.9669899993756,3.0745150728346804,-2.1743661324604666,50.25296267016556,8.436683754194409,0.1823351392338135,High,1
67.57363945440527,3.132399924159838,42.34287442959417,2.4121180079736444,10.496703688175124,27.117778571120343,5.122847430502131,37.98558301694837,Medium,1
19.27672709192939,7.096538168999855,28.848004223620705,0.46828726303737245,3.848543346365938,94.76025016077222,7.89438398815455,38.07237910635606,Low,0
70.34101375908358,6.092033993568967,151.79536637080614,3.8404468920933326,1.264562320402935,46.38652214288476,1.7935335926455187,39.448859392614686,High,1
74.59300333593761,9.362302454905187,100.1239064667862,3.7361232254429346,-2.8618732071165103,5.879601654463706,5.732229575562436,46.501341894408114,High,1
44.09433431732551,4.485902661777827,182.35702247635427,1.55851660746406,-2.5489369302161027,72.92664058366334,9.838459228475458,5.895315591014211,Medium,1
52.43770564256842,1.595486699509964,29.322911431968457,1.531196226142002,-0.42246416023538846,32.884528820898964,2.9095843051796164,11.599249249184417,Medium,0
63.53668606320968,1.1723993699612762,129.18557860460785,4.189206904527593,10.88926774911401,65.34889320582475,7.943523292476752,45.186246018690376,High,1
22.238703908228878,8.441727048754778,46.575829230363006,0.3617862887066331,14.180330170206709,27.9594370523232,4.904784072080672,8.861809888617673,Low,0
45.17962535244097,5.722620738952889,31.35208573032786,4.405525741782829,0.966384533759363,57.07437417333199,0.3980568322208733,34.1114633788292,Medium,0
37.906411944061915,7.977196466514544,136.6858830314541,1.2833084494795721,-0.16617903130595413,77.21525048074646,7.630193978156674,26.52315000204077,Medium,0
20.24617945135744,3.109830400103632,118.73692398174664,2.9649237387774696,11.16376939549657,92.8008741774554,1.685691443921128,4.159683842575363,Medium,0
35.7274095604072,4.105753709619104,150.96549167246624,4.679970895008888,0.67263301590759,26.112714443307706,6.314735671327502,14.263183097076643,High,1
14.77206165698455,1.2709348499018704,61.89251528923647,3.3906125076832323,3.8004543073912798,33.485695099898116,0.856641940469729,26.018610822048394,Medium,0
11.80683348646409,9.65343092116701,89.59433127643798,2.072149062335183,-4.226458385031389,46.42664202859397,9.468673974959648,42.617505834191704,Medium,0
19.461640240837593,7.010811160307321,81.09433526608369,3.447671044527076,8.58756339447688,92.71748377359889,2.917238871803609,35.376924480733685,Medium,0
77.41805781124216,9.398845789833755,196.81789279330283,1.719898181581851,3.2997079567695464,90.13868568106571,2.264646916773949,31.09415807274665,High,1
48.467067512651184,3.389467666861651,58.44979134787758,1.3862920817459305,10.225863756008541,8.987828010063803,1.291364040663343,24.80164449707074,Medium,1
77.6075512807254,6.503172501030948,58.96344766935337,4.9834163896733985,9.518318250716742,13.192982575381084,9.460021933390477,14.934199190706716,High,1
40.27485148310924,7.10649971463374,70.90964176572147,3.7539511558989385,-4.624880793249286,49.55091773306383,7.119037424413052,5.962245565963059,Medium,0
31.827129315968172,3.857947302318296,112.9188162580643,3.223599886909088,7.89088876394406,10.661927280542349,7.416608887180887,20.453801728304775,High,1
45.429930398817085,8.632983115140672,50.46454885274905,1.7764482160965938,10.001360198784285,34.55808733486975,4.994045613802446,1.4259246955646288,Medium,0
40.765818204303706,9.52445316610223,183.05798807585478,0.2458041457752408,-1.347318980440123,14.838537821747765,4.747277852704834,10.55279446334253,Low,0
17.396527898322073,8.96369605926404,53.1371129732527,0.15528438017577806,-5.684772177443136,63.604035513188585,1.1002124299147664,21.624168793632993,Low,0
54.85784202831444,7.6516027834543525,179.16314631203895,2.770906277243994,-9.934196110510296,94.94954317391617,5.598410955839918,20.930259283595753,Medium,1
25.122672775671973,3.497182117524586,20.69501272931693,3.8101636051952554,1.2725913273287044,99.67337702943814,2.4691649510879046,2.21477154984962,Low,0
53.37115684284807,3.5345443789506854,131.31254047993048,2.6868959522192752,-1.1891817115289605,37.52411324969148,9.771453328004059,29.453007676264566,High,1
55.51407646787074,9.67024288401434,181.39710368764875,4.203925359695573,3.8727458456352233,59.901263711461226,7.965809400151473,27.48421279266181,High,1
20.64173971900537,1.0925604634212283,33.74988767964591,0.16713266546610817,-5.298972685280356,85.62676535240813,4.129920601928876,3.905215201045642,Low,0
14.294473897746771,7.4444497591793,193.665392019851,1.8337603821297006,11.49163869166188,11.746207279638398,1.5134125869153303,47.15815262302196,Medium,0
64.65331102479078,7.356215462997359,90.57667208310234,1.1853519558708903,-3.5561196092972587,68.9564411051965,7.853316911387839,4.969138947543006,Medium,0
42.18602966385241,6.604205868548177,189.1430216882049,2.23636484078561,-4.339259872808751,40.88436617250682,1.22053767081316,42.741707561866804,Medium,0
14.071465685383306,9.910979614781793,135.3640087260094,0.3618819659706124,2.0178514121088984,20.614616028016407,1.893337534970705,0.015486595750296983,Low,0
79.6406422018837,3.806914921873527,60.31737397471031,4.770658207855362,2.4712755936068564,40.2753618747442,2.115205177442274,44.114054752269155,High,1
14.044639269745664,4.059746774139233,37.66050498342128,1.1162770053468045,-4.622869280372679,7.596028696491686,5.568906382730944,0.9859866102156278,Low,0
58.65246602009872,1.710454626519,60.74700924501988,4.611538877417924,-3.203481831852106,69.54071485893057,7.870566539903663,37.8906015946058,High,1
78.85752476843895,4.9851832288936375,18.603481852534998,2.1294657751834087,-5.757369021118876,25.27426687484531,3.143148787246922,18.084540565012645,Medium,0
26.742607295114794,3.349436736113633,28.773593268665955,4.92762066627609,7.961504458079169,31.1405645044878,0.8466981427528941,36.910840006815995,Medium,1
19.95745580810373,4.090480319598798,20.932088069296228,2.7702919173010536,9.252225781352047,12.108129824146275,4.645384635244191,20.087260271248926,Medium,0
18.49694575957002,8.511146112300649,84.58870874831155,4.654164320879037,1.5582124364820653,86.46591138898917,7.481102411599355,3.5453961165920864,Medium,1
31.229260329731687,9.419360621747462,159.11567525151727,0.026744943471114224,7.852175567125436,49.34442792827386,2.216638430873883,38.3753347697682,Medium,0
17.07320677074527,2.6715976480466708,28.276710843268038,3.7411940309045004,8.398384798436137,57.21468777864003,2.199245480393742,3.5626342660682484,Medium,0
58.451293918589236,4.352580383981193,26.064086634467177,4.515253265512577,-6.543111808054785,56.94326830948546,9.472270273467108,46.1060217980609,Medium,1
14.360425869104388,9.357675059038547,128.68578990346614,0.6986028348947704,14.154450620863418,41.04931145413418,9.541537271191778,2.5487017895830686,Medium,0
45.65954897048528,1.5562761462030037,39.43659639361326,0.48062925866075745,10.525798677410775,19.25299154381395,9.904657320615764,23.966263888575774,Medium,0
79.76877976970837,1.8312447530024065,19.52200762179832,2.122863035929778,-4.8879134701044125,74.51327484983999,8.076596015747802,36.15172154253978,Medium,0
66.97791886542132,2.465118902856064,33.369715641115526,4.668394530664676,-5.345874106348244,12.705626535767433,1.8818416916794556,19.662323239601886,High,1
53.06536067617076,6.356915507141872,184.74627917535523,2.7119328009521935,-6.858471360510431,10.38737902788105,2.1198152079926134,10.861673729621735,Medium,1
31.43775345506282,2.354250439053977,164.29425055523816,2.6372823186086607,-6.540535936452041,71.01450375965034,3.40225241522392,37.954548069801355,Medium,1
53.672708540414696,9.712687433056601,70.81291247101882,0.7056305914966093,8.704044975717405,20.883702045198383,3.1813253133349084,39.21473523943632,Medium,1
46.89290247381562,5.020430745326683,131.16415346547856,0.003947555466093933,1.7413564237905887,30.67727513528323,9.56527749078009,46.134749197718364,Medium,1
39.825836872326,5.513661643151497,107.45513473360762,4.050700453727306,9.57335431849668,47.522746700174025,7.890739828816936,18.808255521553885,High,1
19.149726371813962,3.2199275422486586,135.4248526965128,0.4378728149311911,8.656372358755135,44.93513167295462,7.2400879216155385,25.312586724866343,Medium,0
72.06229506683268,5.238642271912601,136.53423049255187,3.16924909367662,5.11531783763054,70.85791250649991,1.8596322405813182,18.1564221423036,High,1
41.484925417492576,6.957222693733104,125.7468030119986,4.573082272575958,7.159165164466988,62.3431793443361,9.095255593623296,12.85409109256841,High,1
23.623575827453553,7.760594232586385,53.220273707461715,1.043259565792155,-9.541106890521455,64.43961622818657,8.278703795061737,37.551648076880426,Low,0
35.74315456141027,7.784812744389217,7.801284152563626,3.326364181184554,-2.205558829874451,71.40543306554574,1.636418413279237,16.982592250847773,Low,0
38.98908267702489,6.201020014246795,91.11335639802176,0.3934928835375473,5.945554481485255,29.261272742346534,8.711703319609725,21.407472099617603,Medium,0
67.9276526896812,9.139237974944715,178.19477693814076,3.018775719188065,-9.766376162843894,32.233331180047365,2.7224753637047128,20.183682881201392,High,1
61.353006639298144,8.356670625754985,113.89945170371519,0.8196586047660137,-9.175576407935164,43.799774789555414,0.8086974583210604,35.633061282337295,Medium,0
63.85134255489378,7.813433032287628,166.47820834038157,3.67976780257589,11.29719956175958,30.74621730335261,6.5682230651421,45.88978130553399,High,1
10.772188510005305,1.5004496951241455,198.32486859224562,1.506156473969541,7.100621542301794,98.49378689708634,6.5380465938433066,33.33780306536887,Medium,0
39.130779872583304,1.0619016599768438,32.72324082765525,2.3169550440232314,-3.3657566719914014,81.40519264214296,0.9493200956561809,23.57912980471163,Low,0
43.69409061447266,2.9120254947592565,138.35552782839648,2.9971527101381086,7.199071002967726,16.465468825602958,3.188518089365824,38.96025573694417,High,1
11.343459377613968,6.9717123452210705,134.85871474000493,0.8563670533311979,9.811416728481582,0.5594155881869511,9.928144622555386,32.04856620610688,Medium,0
28.186924612152396,4.700777399942912,195.9910894716557,3.7081890930881043,-2.3301429222474686,4.278326824726786,6.784266670087369,3.0305178558906745,Medium,1
63.22028761854945,4.621656333693806,197.12014679056006,1.5132017031840728,-9.099065562520314,24.406345104292527,7.300751666033292,4.783179320942082,High,1
19.597679401029932,8.961281994066523,137.33572234482588,3.3118592995637677,13.319478117193363,11.429128583685655,2.1291728560430565,1.8958472036816665,Medium,0
47.47170920168141,9.060065633186548,48.722958396438855,0.7914152534968683,-1.3705040426092379,53.33381148925721,0.7878207100391432,22.840816310315994,Low,0
25.064131041206625,9.182577376482271,159.71116762611982,3.440588296031751,-7.337955917882341,85.79952227273586,2.7690168974093767,41.29267171694824,Medium,0
10.84845422507253,3.8249026886352455,21.40582684220762,0.6409403640523087,2.2964217848286843,73.67502209132275,2.48898385193192,15.654158467567603,Low,0
26.884102031967902,7.219502314653356,156.13986083432573,2.126782481349918,9.211694891603345,21.560906308219042,2.345441007480531,19.208009154624083,Medium,1
78.31116284370377,3.444698631469327,182.0392248289393,1.236030368694384,-4.458817134561021,39.929925602578585,1.9275432188703956,45.473855418394535,High,1
66.10759783180927,2.715488497670048,76.56667895368705,3.7418762471409126,-3.262748746665916,50.78942095312776,5.747556906554044,41.845172265832744,High,1
77.17036510247233,2.661692116126323,126.12705899661609,1.3101750225343727,-3.932125330035421,81.02058495033356,3.2810347584182176,33.252405619128,Medium,1
44.149783074845374,4.078968587772346,86.02854641936526,4.408586531976981,14.791826320791955,83.91216031061649,8.203450150475305,13.340189104612566,High,1
17.681533907425244,4.869618578018396,87.55301099762569,4.459101057033064,-5.0649066567364365,90.97183119077759,1.83947417847384,5.852074134422175,Medium,0
48.35716422815851,8.478542539495615,62.07417782162401,0.9822065761139293,4.3880054241531,50.924525050287514,4.646270708685445,0.8029411340056858,Medium,0
41.80641341919726,2.079019841254409,152.4259240900649,3.069229725038621,13.131616041424108,69.4274746435863,0.13657836426079983,5.350533630221044,Medium,1
69.10499579177312,7.614332626554048,187.23531283330104,0.4385882085998216,-6.327585778055519,11.180037123393715,4.8168232245519205,14.629822181197138,Medium,1
16.865780654897122,5.7830942277037485,188.15017184689222,1.957685498008146,14.271354946692506,56.52889599539821,0.5583822087647439,27.589503178974784,Medium,1
44.176879591524475,3.5915080840839324,34.956256974986765,3.5666086475063614,13.686930859890614,24.869180947113513,9.777235118726436,3.200004137619344,High,1
20.5034065285789,5.4353762607954215,174.9487299313132,3.2971162342495814,12.114299676456564,43.17168850266111,7.905921286504128,6.811388915922451,High,1
32.7273148823042,3.6994786279932037,147.48628828542442,3.12350334703304,-4.636086966749944,63.40505083067194,4.901114766364554,9.054035115397053,Medium,1
61.61499541714598,6.364737597144754,50.56748013805785,1.4127043183122179,5.851376400274583,25.698593785378108,0.8658735817935026,31.599104649165312,Medium,0
43.32126905581366,4.904595305697198,13.45692258430291,1.8901247471720102,9.022286824031005,5.218505779676108,5.924454407904143,30.78948994900622,Medium,0
36.312179960203856,2.4796497617099087,53.599453376875594,0.5147307235014309,14.650698204910743,1.0233856408757513,7.587637507018775,27.538286318607646,Medium,0
37.61333949990247,2.0492476710012704,182.4416473563051,3.595114102168005,-5.48940444796574,2.2159535544521547,1.907172530047453,12.52507123479698,Medium,1
42.16127378841907,5.920261138649171,126.63573497915446,2.519443983956368,9.150647487982411,0.8349737513769662,5.6820834078749085,18.5559845609366,Medium,1
64.95115806859398,9.12171729957493,144.21093217957437,3.543828161728273,-1.5299707518221761,11.035505655787547,8.14210898382868,4.834485816887152,High,1
72.4459282258164,4.09561917901917,51.43047022181917,1.2447176239843638,-5.609338360799942,23.948871457012988,7.6824777764631635,11.323030187902743,Medium,1
76.87342805527499,7.597000965003609,143.87763111496406,1.622191143175331,0.5344235303463735,22.12215141822992,8.02992017867153,44.885261323629024,High,1
65.08323703787066,6.927952194457903,5.624301255584752,1.6710766863005733,9.84589780371541,98.67965941798967,8.793234248697198,48.98458732179142,Medium,1
32.078482702360894,9.38399422878533,75.06426915460275,0.128712048736081,1.621245092601304,30.60061052089432,9.376821021594703,32.38297928201474,Low,0
58.16942942605795,8.388829155692267,125.35066970846624,1.7052393641531176,3.4380775050762127,12.74207833593991,4.0552115520353595,45.84116460117101,High,1
40.63221868387743,6.099447330149167,29.219313108264046,4.016522867590168,14.87898525500303,54.55625441677579,5.687691025228773,32.13709502007126,Medium,1
27.82694354322358,6.9132744841069655,164.60071488938695,4.486492478748692,-0.022267511064349432,85.79574553975084,7.9065952604561085,1.659824305273494,High,1
68.86101055981459,9.085478199256315,47.00625976238373,2.591091578179637,5.385018867730996,67.80603767876752,6.971398139457832,49.83812924932045,High,1
12.68984442736275,4.595669061282413,130.45622256368924,2.2775084760961013,-0.8688949596157036,29.60820891354503,9.955202282643787,4.9476150843267455,Medium,0
73.12333944947964,3.941152352719996,81.03942851506594,0.15412309349685127,-0.1803588417823765,56.161615979145495,0.1367765110464414,34.132090072253035,Medium,0
42.30342252373139,1.0972997527167672,119.20871909552943,4.396021687926913,7.391018836135203,71.48559742004092,3.5513321531579067,12.641810153739502,High,1
54.60410337657963,8.438959667723179,21.490110525781624,0.0650510671293636,13.447174402372086,72.81044923677423,2.8102792627020245,19.599055645348006,Medium,0
56.15477455440479,8.208826303630284,3.382559984321465,4.723750401051059,3.5589737623080353,66.65384552976889,2.623158501655346,32.29670924004691,Medium,0
72.65824184945755,1.9400906629013623,181.91288547606024,2.446081243440453,9.209998223719497,87.0810424775618,2.225297824988858,21.824367465385354,High,1
54.56687775170451,6.191716430194302,53.92600175343656,1.709672467873633,-7.769836029575904,87.01054583441044,7.09123840815229,12.527302946556413,Medium,0
52.975350933204325,5.1758352835019865,163.93540055609182,4.621092174213301,-4.721049064201826,57.89365594070033,0.8475947327532185,16.722309343916237,Medium,1
14.665642839248298,2.0683818595820034,199.87006009444005,0.12195496555048368,2.553291022988311,42.985636911121226,7.416088339433383,17.077405846158815,Medium,0
46.28856153616429,9.825114043546511,42.28625159978223,2.9071244743454354,-9.499706909280631,64.15702955650998,6.934258420162735,47.96619522541069,Medium,0
20.511830057192917,2.932262987170199,53.03414823667112,2.744662622496688,-3.67862553093603,81.82120013704632,2.508041325008964,39.93065079617255,Low,0
61.62036381050399,1.6051076208150503,132.57195752693315,1.0966020060569104,2.9350322456241535,0.5652104841184724,2.5283378316516125,22.927438573970004,Medium,1
45.85553445688721,6.353626415517186,193.08972692012424,2.144437156751053,-9.625970043592481,99.19970090148512,6.288605853445022,9.991046017068205,Medium,0
57.615944544584735,7.649800094197294,183.16286963814878,3.261320029718851,-3.3863428443489574,18.289377232919925,7.621711054836778,40.5508055131328,High,1
12.917103042166898,1.2919910144246827,100.57510401311698,3.6356559844096377,2.850770486896737,47.02489856599762,8.764856130873655,7.859123580418675,Medium,0
15.935441123206225,6.9284587485432,159.02205650534492,0.003584293532898908,4.328731199531141,87.20297348428667,8.521395638544757,10.523110857100171,Low,0
60.14263716438776,5.79062688356309,27.14917061998021,4.684267150455076,13.143792326382636,22.504039904419937,9.648829941638532,18.30066959200756,High,1
15.045903519907135,1.9293850798754357,195.48763684080245,0.822626861964062,6.133640581265196,47.67952239003832,5.813848953365111,44.0174097925995,Medium,1
14.987970943568103,2.5527148925172587,192.8706468071973,1.167902171111796,0.36839506324984395,13.258218018117917,9.086555613403597,6.589333431705513,Medium,1
10.847593266442122,6.111768675844725,32.74579157583419,1.3173672284692413,13.258779428326696,39.50763253881926,8.085132732604109,6.111709642726304,Low,0
76.9550978809636,3.6672185216195956,59.88462496062132,0.18910068276017655,9.622074584694857,17.71354547930025,8.946676243140136,24.6987494152633,High,1
61.625585162130484,9.444841557861844,20.030999501353385,0.6152606179516246,-4.99977697218131,36.3627748771157,0.11626601285366633,13.820527054683735,Low,0
34.72759859514449,8.368662065356457,54.34351977963594,4.93174961472081,-6.728940966279506,37.346421679272204,9.65902991865811,28.436397082407993,Medium,1
30.757490690135867,9.852104858622967,163.1911578830413,1.5760836868864303,6.8952908935683235,99.31707895983327,4.735301628464783,22.581834234161175,Medium,0
34.47922608220947,3.3370375505537258,75.6631214330519,0.5765054516952467,3.9970791394245953,99.48130293037723,7.9818298957484295,21.74795531756084,Medium,0
64.22574718268272,9.727512695181794,17.679393429351677,0.5349563058731166,9.741840344818891,11.478627866061242,1.2720411933778086,5.598648524349664,Medium,1
56.29594277492901,4.881104828124021,68.4451049557809,3.5972998383498593,8.470126251967162,72.59687793283473,3.959410958139741,7.052484512492008,Medium,1
22.963689750722757,4.127669157823791,196.276666848256,4.272843320163204,5.630288346437876,5.174547966910115,2.714606630209909,41.0539288723425,Medium,1
22.187653473385904,1.4531457427241792,125.93671905184058,1.2847614975423494,14.659554290722305,3.0192015337188627,2.9165877050093703,44.29413687858722,Medium,0
16.88769547993781,1.4748873207364235,83.23218928123156,0.10454756167617485,3.3397432527602167,10.53338942449643,1.2325561995088175,11.734176644262512,Low,0
56.22119037909367,7.228101303519892,33.307702699454,1.1154500922267792,-7.172356087457004,96.5485657007934,8.05763832543007,5.673025076238453,Low,0
63.50608635552152,5.121360949906251,197.23535945673896,0.28257845398378667,10.706839120399708,94.08635478946974,0.09242314581078159,2.6708335967255303,Medium,1
28.55324998275028,3.0386946343249512,164.16980185262574,0.5169746831502076,-3.7036659413572752,19.392782028068044,3.1250545698520247,30.414880687094843,Medium,0
11.466147272163896,6.525732756927094,56.29546049018388,2.157540599238212,9.432553703597957,16.16723355537115,1.7441054321641503,35.76766062501028,Low,0
15.752016723349914,3.2757230642510007,14.013739144237892,1.149591854308163,13.927677400001285,24.0535086515947,5.890389406083405,18.640499460160274,Medium,0
77.75020243915213,6.1986857890998035,11.325111475511607,2.579729392627117,7.419887849108531,51.554699407514214,2.5425240261454385,33.98379337453198,High,1
30.68113442341942,4.232878722844213,24.075629901106765,1.2674687662859518,4.900754023745027,56.97046320354099,2.5899845452809966,35.6479407779763,Low,0
63.84562034866935,8.411970039506372,116.15371672288433,4.702686505514738,1.5096543918760146,22.159343043944734,4.883381439953187,46.76711406984527,High,1
53.72644981979846,8.386265446901014,185.75268424109848,4.529719839631323,-0.8897533501149185,75.66227880899451,6.526890393409257,3.2436818917553625,High,1
36.735774775702716,5.296153583101612,99.34868560119689,2.83403052505233,-1.1748812257040937,30.955316940265078,1.2130470456516362,9.614586161553989,Medium,0
24.39810835368886,4.15737198401514,168.58909649123945,1.7721199599369308,5.909317642739765,92.21313255294103,1.7551145246549615,3.426299379849407,Medium,1
18.49704927115845,4.263038169031851,89.17732397196157,1.905734410173678,8.781827923443647,65.67227064567305,2.471747445945176,43.399696666805525,Medium,0
53.05090776272066,8.251430731013961,141.71670915356503,2.0592614157224847,6.962926737110359,43.63511943036117,9.737482141179605,39.629358001678426,High,1
64.22436464464516,3.953615345178508,146.37454745730017,3.63789661067472,-5.039747470160932,78.99120017028454,3.9715249994292035,28.73210353109195,High,1
55.073297747879145,2.881534363361614,34.79274118066773,2.2581949775941896,2.3496795035872795,81.79146260466648,5.989900906310265,4.183170502559158,Medium,0
47.12114932744108,1.7621950768777614,72.24321179516235,4.283649732529487,9.791001804576574,29.048160560894367,2.415428127159779,13.665617932685981,Medium,1
12.936585640214538,5.200238087959676,127.46043130760478,4.720473929651822,1.8926019547264061,33.97145438360843,4.904595251574879,14.885992402925845,Medium,0
77.79421443160686,5.339188890278577,14.139321636873238,1.6797307668946693,3.415581993387346,93.59551537286033,0.7411917438595805,28.037159800770855,Medium,0
65.90999341582022,8.568178393626164,72.30803755259132,2.8034724068784005,9.278401204270553,16.474103836327192,0.3474214592232694,12.902194701835773,Medium,1
30.49754256906753,2.991148268014576,106.95989325623849,0.47528268416282216,6.531632656627288,4.2150416962934205,4.687335268214602,3.647993195647742,Medium,0
78.59792305511955,4.428921463015599,199.24489860892774,1.0023452388317948,0.2336230220598151,45.405532260954914,3.9865928751841206,36.53811509266497,High,1
52.131711274542546,8.27565165004322,94.90671252448814,2.0673288335508007,12.385317779855473,80.1209900243629,1.3688031969182768,14.954010582770566,Medium,1
50.76958607450725,8.412612496740762,163.2113514228647,1.0310135795088944,-5.935823283413035,77.16681063107458,6.876014289207337,22.61870885116503,Medium,1
62.36512256006725,4.461499683808913,86.41345701332355,4.3828024539435875,14.887911214758118,91.95306289128325,9.929034908992644,6.383331749115268,High,1
66.82388516630962,5.132116209580128,159.2781445239418,0.7914312802954904,-7.02868553809407,53.32006643690402,3.956468211967125,40.127415169728984,Medium,1
55.95350251320519,3.7295730176435464,119.08296032402168,2.27830410776546,-9.626250722394028,10.006467156653331,6.245586359173945,28.27659384620288,Medium,0
18.966702245634004,9.392993905773809,177.31908830047968,3.028496202299378,12.250472528719117,58.86889743360161,9.629759423644856,45.079281310493144,High,1
33.678725419614885,2.067793891674223,82.18851047002198,3.459319540804222,-3.8761622908510978,77.83956143532116,8.315349724468753,24.77357815326667,Medium,1
74.96585482282349,9.40374480701323,120.86088396429577,1.9153468486325336,8.242490686168022,9.33281202698264,4.635522233026857,47.071283590893984,High,1
25.723092829069635,7.154798066518089,126.00373612376548,4.345495343623643,10.275384373301733,17.265740109758976,7.3748948445991935,44.5934102190663,Medium,1
36.051691668625935,5.784149374180581,83.47658836009467,2.8415957553896276,11.474659775802921,1.2290661155670901,1.2813504025052402,28.822992822961695,Medium,0
40.24538180609372,1.2939315470604629,28.862408737496303,2.197538902237759,14.789855891604168,59.36525794468104,5.121038554637992,46.694671907493166,Medium,1
40.758349278611654,5.280365726398075,18.711881382467112,0.3362031702601831,-2.6490072490000234,88.67343919459044,2.7906027717993656,16.154437364727613,Low,0
52.905770774616784,4.669732945024591,3.33431011992662,2.3234473422258253,7.756083548181478,67.06633160020995,1.611636878961611,18.282108135210567,Medium,0
76.01530864212953,2.450969307776103,174.70685284904292,4.103679204078651,-7.115003542979295,98.2040087590982,4.262809062545348,2.273897565301847,High,1
26.848489828275348,6.907686431505912,47.29498244773891,3.0727050911065774,0.17023228392123502,6.3033652499761565,1.3101455443361443,29.460045338192653,Low,0
18.505096341064263,9.740358166314572,42.30134985635361,4.160812268645592,11.199292332814759,90.30010851514962,6.989851081744856,36.09619849644667,Medium,1
23.82293429019561,6.059699299580726,147.2070800852131,2.470058352996528,-0.8085488485222914,81.40682873866807,4.562400440533355,38.67595951210516,Medium,0
72.08474301464886,7.4327794879955125,64.00322261747834,0.5923085254724092,4.777384513390351,31.424152049950493,5.311446325646639,7.490814302305165,Medium,0
55.20675688586442,1.616054073094151,101.20893848236732,0.06819922917940535,2.5943360931158517,97.35265518372518,1.4637593866815701,22.207953615625016,Medium,0
30.01347524674121,4.759002962352953,32.50221305949126,1.516097733592956,6.148788277801127,28.793774817141504,1.3977166109349448,8.843160604695782,Medium,0
67.1162857278032,2.047226366480463,191.94914429239384,3.4899523574889626,14.322359734692373,88.93047238282185,5.8341543526012405,33.10636744271244,High,1
70.29589974544052,6.515162519828594,170.31628000344747,3.951299519708469,-8.606611837464946,88.07485770741894,9.850097478294463,7.897318621088406,High,1
69.25600370831947,9.446339423927391,172.75792459300067,1.4787641731016472,4.349037937540743,75.76576166029724,0.9625058323772562,45.208184197803746,Medium,1
74.32485735476881,6.955999592244747,81.35474971440104,2.4782696044162353,11.575719481257119,56.347047381285186,2.8573142856578126,11.531732283070667,High,1
27.65687141213531,1.6912274348297938,152.47224274143457,2.105594522170408,2.0345677937106874,12.000274961688806,8.694591165378876,14.570113314412241,Medium,1
62.85293501223948,4.191995844865746,28.775231077956033,2.052613921757139,-8.03682035146068,53.197173449649824,0.7227201225523694,42.545316107549986,Medium,0
42.2377648091898,5.9559704149676636,1.7238005183560556,1.1567435660007526,4.013483810419272,35.67962556549345,8.758857213669513,22.92338050728619,Medium,0
68.9398987023043,4.62886980519927,3.994586515605625,0.6818555251472919,-1.6981527294044891,79.22170331553518,5.242859833747512,1.1997972900036513,Medium,0
60.99434740131292,8.502796094276551,117.32034748091209,0.9834427911560656,-6.126455366551602,75.81292064968449,4.0826677392642585,24.72931256013229,Medium,1
64.35132125498072,8.332039042389903,91.07898104958817,0.2766619358167305,11.225862832086825,91.06125073726052,3.096805643514559,4.227166769006152,Medium,0
55.93132863767501,6.506479180928993,103.60306978170395,0.9906537091178852,3.0399878247780405,1.4830162431707872,2.971171581278419,49.26723593436553,Medium,0
22.420013862879483,4.361121506194348,1.492628083443881,0.04600448812689728,13.331910309476667,80.91032168230461,3.0580258244947878,29.405578522780118,Low,0
48.15188432278568,3.2980273638691973,84.53732393148515,3.136292003179891,10.150412615076727,93.84620531246688,8.848030809601958,12.826630880548922,High,1
78.92688176671557,1.9528688639181637,143.61363224017217,1.5818770369384145,7.324294844341684,78.93004491081501,7.237952301747855,28.18588397738089,High,1
75.61716465479833,4.194079151378986,88.53874039348717,4.865723557134543,-9.874362415867202,13.01944598703667,6.697230078311506,3.843355169087742,High,1
13.022161505790816,4.718552654869476,146.44384126244447,0.9685852538814893,0.6955864159562486,8.127910484088774,7.987491489520008,39.99456521344085,Medium,0
21.537037101060598,7.082406325936662,46.60379287936696,1.7291428515479694,-5.062842958699193,2.084523980770081,2.57114663004145,46.266402693208185,Low,0
19.221014141819335,6.9234384186781615,162.62840089634508,1.7892057932076662,12.769947776221693,62.8745225828071,6.180428120817557,43.72221941030798,Medium,0
60.81859369897069,1.6309732567713127,117.68624809069046,0.0422574803123027,-5.635400383090993,62.96726518598873,4.60066238957951,17.08788011492814,Medium,0
67.24497308998616,4.55733383888042,42.152619885981245,4.196039765197295,-2.8484987085178624,98.69137142182123,7.824416352001934,16.288405982168424,High,1
24.945795641747033,2.6360098049562573,47.344095170766586,0.1599723007216236,2.920919193362479,39.804317410409574,3.092561104732855,1.7543805608149998,Low,0
45.40968850662803,2.4113143478512513,125.6060929139074,4.7008991736462065,-3.4159095250480185,33.19062848974967,6.431786168698958,32.57001793504584,High,1
68.849211960784,8.445719347635213,165.98791864248867,4.4603717554681035,-4.753383068021971,62.44249271843925,8.822124118173134,26.745239209489746,High,1
61.29610813363754,1.3772369504463178,83.12555640583103,2.677609580429818,4.977483127568811,82.5608672507594,4.021504761949287,22.96731856636707,High,1
47.95660438442938,4.772645883119092,51.66008582551844,2.7179778745564604,-7.776761931124404,93.67739495230019,0.6662208736746145,45.38154766673535,Low,0
51.3243383321141,2.5138329018986636,173.40232138212008,3.2688896147807815,-8.545806031976882,80.31241661790386,5.160508223417928,8.393945054142316,Medium,1
45.5852382841396,8.913971941106267,133.853658350167,1.9352500596744349,-0.6938676203482147,42.66739806158048,3.4597248780702596,0.48331333450911673,High,1
30.82839159231744,6.0133646194753165,89.6170974566153,3.2361114169892775,8.016611362696558,63.491423531206415,6.72225380547175,3.6658226060382715,Medium,1
49.55153950013113,3.082425727391632,97.58003905586037,0.22384194344243435,3.8701689568486994,85.6299326716117,9.51032924748606,11.168571891368446,Medium,1
58.22197114350635,5.521845584497388,40.85129358727928,0.27023813674863284,0.5719117116694711,49.060968831173945,4.85608317996847,1.6642774631728474,Medium,0
71.13260411025654,7.583377237328042,125.36052601296879,2.286152098097722,4.14378910561456,21.66866437053927,4.6619023015553385,25.142185532156773,High,1
54.540394778547366,9.623062080274904,71.74850210857772,2.748111505530175,-0.8637128836681601,16.972343974787297,6.545848001914603,15.704522761678902,Medium,1
63.27850759302106,2.9840140382087705,199.12903533486985,4.439088201679095,13.403658385802823,0.01577445780567288,1.0349750359356769,9.024150403406633,High,1
21.20501444682011,8.975635949164106,96.03670305237758,0.5233031695394813,-8.627377727230641,71.82379949812842,2.535061889250146,37.50420374743311,Low,0
42.309023209385295,9.408737027507412,97.17712123792263,4.113239635969447,6.83478697574588,11.10972088459905,9.189793255003986,10.222566311626501,High,1
10.65321338789653,9.247784900788597,113.17035748213438,1.050236686460348,12.282066620693763,24.383909969594043,6.699426133637663,34.38025504968966,Medium,0
27.26752051651361,6.718729211757188,183.35120062374935,1.9704182425501593,10.097117718381336,29.787633152279337,0.13444043983416254,17.463245292381945,Medium,0
60.85232005791034,6.668385889912369,160.16361997195006,1.5830121741370644,-5.398974129463832,56.037986013676836,2.046254725590199,25.59138803312773,Medium,1
79.42669659445544,4.628895698654405,90.22601395956829,2.000776364326995,-2.601841275492791,39.795727729576925,6.8283726602889905,46.693351992565994,Medium,1
16.942466971105112,7.771580940734091,143.7398531945592,0.7524774903629278,7.926198467677618,67.46739920231619,7.643992025625742,1.8675817407906414,Medium,0
38.10460211029018,5.781646165158388,117.24709975615232,2.517850372017775,-7.893236020480861,5.5638659328702715,8.39859572674042,25.013225373873095,Medium,0
66.00496780894116,7.096942641054651,98.47340974024978,4.008212949156836,10.2965424958146,12.393919426443944,2.921768033820449,42.72114801638091,High,1
24.282494424022918,4.856121134639159,38.46315455687011,2.2076700518944845,7.972673615119758,49.921150353326674,9.310285962775627,29.398712418517427,Medium,0
48.85594645116004,7.583468176388251,92.78725269097818,2.4530678794909955,8.240166230883565,33.69647878468298,5.529468935778924,13.843525848257832,Medium,1
61.31499072207723,8.420243658440942,49.16371740451493,4.243837926406571,-7.493965743310215,29.58133627513597,6.965390223878929,19.884056757251717,Medium,1
53.118981518212536,2.317926309425345,182.96842997033093,3.530290573190154,7.944013620405771,6.702807903752273,5.96738862779908,34.01328143642873,High,1
23.16173142307913,8.496367440168052,67.08136269926939,2.4522720425989237,6.99545313049925,89.57191747480014,1.2274005467462046,44.540594715690155,Low,0
34.87691980800176,5.862668786112765,190.45280290667446,1.2884782409458984,10.773062270546264,69.18185861250508,9.631146593848799,2.05331868733058,High,1
64.8654249139778,8.601993181812018,106.61105801894224,4.424633734224833,-8.960101093588262,12.161815681964939,1.2287557989415265,3.576941094518821,High,1
48.79585598924116,4.881715357069131,126.30887573523206,2.8851020084527916,-9.422233288305195,6.504595773714062,2.5488195641118363,16.252576180479377,Medium,1
10.366072948003891,4.411364368447315,108.58808889786556,1.1057380505534669,-0.6748225030359817,97.48725334312431,8.136278802229802,11.63898422187395,Low,0
63.26935320196657,9.235546592655002,25.87612339334018,1.345598763190052,-6.280292903771178,68.1172550439505,6.185969615011015,13.246544311120301,Medium,0
12.471794845816735,3.2605234079356116,75.1642438015882,4.01566544468123,3.9596119392555478,41.74560710937415,8.38149165376357,11.063499931294047,Medium,1
62.20136479118625,8.597910927575288,19.829222455524786,0.2207278104372773,12.933722537668721,70.17310407557848,5.157361883740449,9.791252442757886,Medium,1
24.17363921156662,5.356185152584637,124.59080883667635,4.9604609351441,-0.21300674164960676,75.63317864801591,3.7699323536663485,6.531198343464589,Medium,1
77.06514360835662,5.626858982961338,89.37483904008778,0.6517583985739589,11.123759431815103,77.99622023887794,9.218454995477849,46.6977065897619,High,1
35.75585259114591,3.7762145334053563,155.59699431418736,3.980342626984687,-9.993978137053338,47.787730565305765,0.3625231751479485,7.209473195307653,Medium,1
32.88521314366554,6.157379805571141,44.09409619987397,1.9738765838584142,-5.787133913520394,42.9882758124848,8.56130220353046,10.220188738276809,Medium,0
20.422163523271127,3.9269007664859017,32.91321168586698,2.4610809164373344,-9.23941150864786,1.102808426890034,2.308177851877816,12.313286199039286,Low,0
31.39229508431504,1.3534247281748708,81.26644619275356,4.403252887322889,-1.796320487123284,92.6557115141838,8.487363277539679,46.65074365652103,Medium,1
71.36555332797404,3.4479874480992043,185.31707664367622,2.064555947946066,12.70473989241257,60.33078783889431,1.391966134168856,37.78570668005424,High,1
79.7434036339073,1.057411390659316,142.08436300248235,2.6874687683661724,-7.576196910025306,20.31539371899681,5.802189636905405,39.48497151577573,High,1
35.78166713547938,9.80519308351171,83.78472495858374,0.2464983120458497,5.160244418595009,91.96034194214366,8.88107919011472,5.237912976924902,Medium,0
41.40274416681798,9.691724888377728,103.45443395086211,0.011737369337265768,1.2873984779861047,91.49319017702963,4.735396468988905,41.81549375078358,Medium,0
60.544965674191594,4.556397677250746,16.84260223541967,1.2239993650086296,13.461705309145312,98.91841643660959,7.46566673803393,20.409654090870898,Medium,0
72.03370463255521,7.555337689056814,196.9151792752226,3.4029154645938364,-6.937021436572654,87.40565631389788,8.046716178555585,13.141151310619437,High,1
51.51310339307489,4.112254885693825,133.2814609389838,0.6063244667956835,-4.699303737444277,99.77843878200648,7.364942087167792,28.787504176015528,Medium,0
37.40679887244806,7.039838413773785,57.080813692684494,0.5688097940227471,-9.261450784712668,24.468618812327257,9.253297368745983,41.10914529083669,Low,0
38.88352885940366,8.248870387413811,117.16167884304886,2.0548030401795163,0.8483812407843438,84.2249585199234,4.468342305199286,38.93260755374547,Medium,0
58.69327025477648,9.520806202230167,21.896473213798796,3.2391851930411324,-3.0541775108836426,82.30283087957645,1.7312543916515577,44.49987412905661,Medium,0
10.225278452299507,4.601910482647048,193.16733376151672,3.5603599612396524,11.747648347258023,23.094035922073374,0.47811063702479784,46.406609300772196,Medium,1
53.371253622188846,8.049681846604429,34.95699757667319,0.8922533704918739,5.123520329943877,9.843754900099078,2.464598696375051,11.906103571387478,Medium,0
34.884510730895016,3.393356055689069,129.60606361104283,0.39794073686021225,5.352268449392542,97.94205136775996,1.431975038802421,21.192894708463584,Medium,0
65.5938131893959,9.912990734142834,49.09089250778609,4.701985169727721,3.297767422032561,29.602455152061037,5.579487414344805,0.7314269602535006,High,1
16.509344787619252,1.2319263888791603,143.51227652970715,1.3033319128105085,-7.703741569269975,87.0891790467806,1.84945337211732,43.966082963253,Low,0
51.17415868638734,6.4317592585100885,155.36427344805622,4.266732488043619,1.125467093133881,0.41271546746038945,0.3893370728937118,7.728607573738378,High,1
43.668102292028664,6.935553834861944,134.68394578228654,4.3174572523140915,14.987629742712913,2.1024807219602204,0.3598982886866786,43.07374061713472,High,1
54.962786813365916,7.19241001366716,122.8998920510385,3.862612958812722,10.880732271150372,46.58713086963684,8.315694983648616,16.469366099329818,High,1
14.539751613807784,2.083488209101801,178.49381879040234,0.8441680332628504,12.336476354177897,23.871468393506355,5.914499314430248,18.40667949905691,Medium,0
50.59886511996919,9.446768051258173,15.725342197951608,4.109007296271002,10.580658981162486,68.98412834359642,3.580853018933782,1.9566127241929687,Medium,0
49.30392115716666,2.6306495114507453,66.18295315603903,3.8462527962079336,-7.423957664225433,56.556432556795436,8.94228042740247,16.34393948826598,Medium,1
49.24620660913197,6.60478062915857,49.65749592616919,2.9836149505310856,-4.31379364838001,7.7485797450491445,0.701966114077136,44.418184140063204,Medium,1
52.24413666175184,3.0040847121077645,197.60279241308433,1.6860101758447636,-9.92195871608976,16.262829631571705,9.803220727278259,1.277370056080207,High,1
57.35275560584535,3.764947753191438,77.8779559333747,1.3125430213327205,-2.4122468780472133,38.80492700584143,6.16291790254461,20.316373652336267,Medium,0
66.34922997765388,5.918126875553119,146.52253984807976,0.6094460604017948,-7.284814941337686,18.560406395543318,1.8346425396884847,1.5699814906370568,Medium,0
28.887450408975003,4.754740767081188,136.94503277620092,2.548785334504357,1.8198336325395754,79.22223472439286,6.790690989769685,18.54617125545325,Medium,0
67.75345871260434,2.4420304087885567,42.416247495475545,2.926304377549233,6.928187214347548,41.607023555328006,7.633812597835626,8.63203203901456,High,1
44.877897758441755,2.5384276217876347,47.799536042310265,1.7966949525789362,11.862632375951927,9.343186684249927,4.293427833707745,12.610919663418601,Medium,0
15.394079539403181,4.763303093465197,56.25691271060682,2.3767953384043428,8.730429127272455,48.434290227212486,8.616326062455474,43.87991865807095,Medium,0
14.098565047078544,7.8155468044795064,82.22545565187585,1.8175722868463335,13.46463989446263,9.083818106141416,1.507324072964703,21.80246103109455,Medium,0
33.39668230872426,9.081681821630097,46.86501313010536,3.205030286603506,-8.65254274015528,12.893730541981718,2.7883758357760833,13.689899570095609,Low,0
64.94278839780273,1.7571489603344457,3.9302965493695607,4.506296038982817,-9.695504114586464,23.96098320282053,0.9349236158398977,29.46691889752739,Medium,1
59.537665431864106,4.537935168034609,175.87861136143908,0.8196013102347244,6.533452845905316,85.95277052474898,2.1087784060735215,7.1053479916291185,Medium,1
65.20304752706845,1.9022100735058896,193.1219662761768,1.9070440495156171,-2.766189744443844,92.46125323329719,2.3872881191114503,12.969580371042793,Medium,1
46.208833950912656,1.149332325693381,68.31407740631359,0.7043430197543066,-3.6624745973556716,82.6257729332069,9.176331909217101,27.312398380144426,Medium,0
40.813929856884336,6.95546814379561,67.70137588509458,3.1247188520391598,-1.7278228076551434,33.40772174178473,0.781096887511562,11.87615209240344,Medium,0
20.321676869439877,6.42204497769929,1.4183625548741974,3.644352547442979,-3.255098552690896,27.244644110883165,4.274151201877094,33.956386870043666,Low,0
32.97349275265181,2.467172024333976,136.05013766607482,4.65956366298728,2.7859101575396816,54.91556907902392,5.3239868722691295,24.574565112976128,Medium,1
40.38135563217127,3.104315497837577,165.08797914972575,1.3943596313048245,1.0037111806033123,72.18531605331123,8.986930538021609,38.59945351273454,Medium,0
16.202030077573205,1.2133697828006653,29.321660072000633,4.751056029327151,2.810713784416408,99.33727881601749,9.976962186612134,47.412226786123426,Medium,0
25.442836689784787,8.514524851249634,31.93326987343015,0.316313359103374,6.817840287510904,13.157071187892623,7.533881149198358,5.790244467370387,Low,0
51.87577058446172,9.772215364436963,158.01664999428755,3.0150693168229408,-0.3217372757212922,4.929199902380443,9.707909905690295,16.733250499227243,High,1
61.49641799674329,2.2191358311522174,123.25814967082893,0.28566359671664987,-3.7173078214460804,69.4355888995271,7.8710113253587375,15.977453143920329,Medium,0
79.88432579750648,3.083276923887683,8.972111525543403,4.468870938809724,-5.844986579781363,83.22257835039055,9.632026409714166,7.559145966862713,High,1
75.31793319404903,8.815685715522406,124.50939809245634,2.6490452853502706,-1.263147011684362,84.63487798664232,7.0727072594445515,40.51515686667354,High,1
54.979563967463406,9.338174181605664,61.783544568753214,3.3467417538139803,8.545161881154302,67.84635490771606,0.7976342545107107,37.9939352019395,Medium,1
39.48736373058504,4.776646445261293,73.74503109416919,4.157869629552263,8.91762275278674,95.4015804119187,4.019201869926765,24.221273541719953,Medium,1
54.53241552957629,1.4556022504216672,153.94628365937604,0.7515531124198438,6.672634667105257,51.10047635445869,6.465972838024704,26.88853888973048,High,1
64.99561326561624,1.3545265032353746,162.18703853452212,0.19295780969066922,-4.149295617328136,91.38147983362124,3.5071850945425096,2.9772069001248127,Medium,0
18.283533364637112,6.165548794621094,80.07132536796612,4.3944057295642605,4.702156146367443,96.7812136991523,2.7338391811377862,27.77536761635228,Medium,0
38.693342278740175,4.536055980038611,189.43058720127095,1.5746661372946624,4.2672415394211995,84.71574570031078,5.77399267133091,39.56707620098182,Medium,0
68.7861599944932,1.2578718481988906,81.29254359041444,0.6448945396358263,2.106654952743137,30.97585632586206,9.33501876702435,28.69137867919286,High,1
36.86830663531308,6.249271530813011,154.36720704602197,2.3423061854354326,3.7494746595966055,19.621565117029526,0.3498187351615356,13.265318506020945,Medium,0
50.03105898590306,1.1017228293012022,96.77545291285182,2.991530378480094,2.2947658155917017,54.812006498181844,7.692312035414377,33.37741361671686,Medium,1
51.143855260353874,8.086347623343457,179.5064653044168,0.15485301711255062,4.136409151852705,45.30147503801884,7.227272780446271,18.07442149826238,Medium,1
22.913337719354754,3.7578954043303443,181.55224873003573,1.3744782912854387,7.887648865528219,87.77583421927329,9.639534253882871,27.24366421428676,Medium,1
35.356480915660185,1.362322027083089,17.483361574216772,0.16399937138448006,-7.259295139914006,10.003167106715372,9.307112223325436,24.378268163946238,Low,0
33.41579021193525,6.29516998884838,187.29866626204515,2.101676945977495,8.740643803725593,25.77400613115186,7.622325620441929,19.058750048259004,Medium,1
11.833769597244535,4.579159729897492,165.10696830408313,4.475500145331221,-6.602846246810145,75.17989445187085,5.204087646825987,35.943899019706755,Medium,0
11.693423472394867,9.764203720214345,158.26214286253338,4.913262057467846,-8.334300039740633,9.498664497731212,2.0426755323351986,44.19380559929409,Medium,0
68.21879305730414,5.89778796253332,40.182267937104484,3.185237767518138,14.40199215553669,32.07644140217002,5.452357183255744,0.26062592384624717,High,1
29.11495669809687,3.477152629333075,161.02384175093297,0.808188468922959,13.924794221761037,38.71553940539832,7.6535199391965385,46.680825961518366,High,1
46.26551363671708,7.384949781705773,170.02654693700737,4.529246949996529,-8.489086376485899,62.259379656269,8.95669212637893,25.575756804161248,High,1
30.910790151214115,3.443428022884402,57.83006689083019,2.5812391160003023,1.0813360368740539,15.813264571936458,7.8971200921054905,35.03659401816326,Medium,0
75.84754715807384,9.138189622668087,190.45201567246474,0.7687465605145904,-5.343876542505631,86.06044903497096,1.9526693519105398,42.78122830879386,Medium,0
28.150773120604164,4.372497734566388,9.97202927983285,4.608633347258307,2.133622428360452,44.75422354662742,5.996863142280594,23.355184615713497,Medium,0
40.07597689172545,5.948817064985847,29.981850649427933,3.787345253615515,10.754431074989684,91.70217118805564,3.32173459531357,41.74870366824452,Medium,1
71.09111753392213,1.4551579344180596,107.51622761030286,3.6585263636157577,13.765294368572256,46.78699136339316,0.09205667390642991,8.880990972760111,High,1
68.93534967542661,4.835091141570077,115.15849422446193,3.5459035189720236,5.856316336288434,27.504025894073337,2.0022093578866604,7.958376723990723,High,1
23.027099249239413,8.491271856948956,129.03001666018068,1.0016991054822117,-1.152358319704574,14.182882868767487,1.1322064993344927,32.873568442807674,Medium,0
66.18503168569973,8.250839248270077,3.3938258630932916,1.0550334585376304,5.08313914111496,0.3745094711284813,8.427191235394686,43.50715027758686,Medium,1
42.073082071652486,3.0188670296817364,192.07335492442604,3.441464992136275,-2.1999673472887418,53.21574849848356,2.58506252147812,44.62130887680197,High,1
43.80782104597486,3.034711639095064,8.917618546828798,1.0986137505519844,12.745591020801509,10.715669692692343,2.846979688875555,32.187022918862326,Medium,0
19.343598069116066,8.35574780991913,28.612390544680476,2.1933584840152442,11.760011577645924,39.17277636311782,9.599365717988842,26.274461510465873,Low,0
15.642105962998725,9.37358578152393,2.802903505211396,3.910009127969707,3.9557937569915245,58.92717612370867,3.7908672304885216,16.56965438482581,Medium,0
60.955751488163564,1.858248291457032,113.37168665881893,3.9197625904892046,-1.8800271154909864,27.56858969027003,0.09585640144394558,49.00002077996657,Medium,1
44.75228066487098,5.050527754836027,186.45337678419446,2.266308862629298,-2.6652581104255413,17.522429236611526,2.8384614834613653,15.984784333312524,Medium,1
40.57954918306257,4.0370885106780605,133.18943321609285,3.9609496913762254,-9.164550132373513,77.47216226093417,1.1929958060181245,37.20930536157966,Medium,0
61.06557600566777,8.836196099116954,164.53149369608548,4.193108980990284,10.395521275632381,94.67911722816206,1.0280856173585395,26.599089995250036,High,1
63.58590292937768,1.751724232120169,2.6562406917160164,3.2738787564213014,1.2595803259751992,10.044041786196601,0.7748729013574951,30.425617126267333,High,1
21.12357173685475,2.9001334830223366,108.40305969594522,1.1421292615421008,-1.8716767899933895,15.559032438500786,5.932594701753773,19.67402752943131,Medium,0
52.71576046343489,7.772215038278449,91.91259550110438,1.3700589019277376,1.777758874943847,96.00126572527186,1.8934772362985863,48.24115627361239,Medium,0
19.474785759437985,1.4616446408309403,99.7935888441586,1.5742057770436768,10.4684497613663,3.7784221812246277,3.6124279404101047,28.58411630496355,Medium,0
62.596256022033195,5.432818426428604,14.44263706703759,0.58402053866976,-6.88464480731197,97.76323365504722,8.620177161300168,46.8893815229395,Medium,0
55.98686093869976,4.9789633121174806,136.8870722138615,1.3657981018497256,11.441399706045683,0.4644483084988771,4.243381397962756,0.37957080869570614,High,1
76.96302347584206,4.009610610898738,100.64408297172689,1.0475961215626606,12.43772087770885,87.36686556513314,9.156913500516376,28.633529159556048,High,1
14.827061144949482,4.551150837870314,153.02976997225278,2.2766437490430107,13.667697875847205,30.732518098774953,4.979380533956062,35.85934448626357,Medium,1
13.993830480587802,5.769465282372097,97.05812681234308,4.542187739361324,-0.06280018943430554,93.85888581772966,3.9883661483975574,37.254008558110904,Medium,0
29.75309522852401,2.452306225495448,29.876327245286415,0.5224015837697904,-4.571489899058204,31.694528863558546,7.503889270907016,45.248844089084066,Low,0
